{
	"credit": "Made with Blockbench",
	"ambientocclusion": false,
	"textures": {
		"particle": "#torch"
	},
	"elements": [
		{
			"from": [0, 2.5, 7],
			"to": [10, 4.5, 9],
			"shade": false,
			"rotation": {"angle": 0, "axis": "z", "origin": [0, 3.5, 8]},
			"faces": {
				"east": {"uv": [7, 6, 9, 8], "rotation": 90, "texture": "#torch"},
				"west": {"uv": [7, 13, 9, 15], "rotation": 90, "texture": "#torch"}
			}
		},
		{
			"from": [0, 2.5, 0],
			"to": [16, 4.5, 16],
			"shade": false,
			"rotation": {"angle": 0, "axis": "z", "origin": [0, 3.5, 8]},
			"faces": {
				"up": {"uv": [0, 0, 16, 16], "rotation": 90, "texture": "#torch"},
				"down": {"uv": [0, 0, 16, 16], "rotation": 90, "texture": "#torch"}
			}
		},
		{
			"from": [0, -4.5, 7],
			"to": [16, 11.5, 9],
			"shade": false,
			"rotation": {"angle": 0, "axis": "z", "origin": [0, 3.5, 8]},
			"faces": {
				"north": {"uv": [0, 0, 16, 16], "rotation": 270, "texture": "#torch"},
				"south": {"uv": [0, 0, 16, 16], "rotation": 90, "texture": "#torch"}
			}
		}
	]
}