{ 
	"custom.player.no": { 
		"category": "player", "sounds": [ "custom/player/no" ] 
	},
	"custom.player.llama": { 
		"category": "player", "sounds": [ "custom/player/llama" ] 
	},
	"custom.player.levitating": { 
		"category": "player", "sounds": [ "custom/player/levitating" ] 
	},
	"custom.crafting.tacticaldirt_merc": { 
		"category": "player", "sounds": [ "custom/crafting/tacticaldirt_merc" ] 
	},
	"custom.crafting.tacticaldirt_evan": { 
		"category": "player", "sounds": [ "custom/crafting/tacticaldirt_evan" ] 
	},
	"custom.crafting.nom_nom_nom": { 
		"category": "player", "sounds": [ "custom/crafting/nom_nom_nom" ] 
	},
	"custom.crafting.loz_tada": { 
		"category": "player", "sounds": [ "custom/crafting/loz_tada" ] 
	},
	"custom.advancement.sneak_100": { 
		"category": "player", "sounds": [ "custom/advancement/sneak_100" ] 
	} 	
}