{
	"credit": "Made with Blockbench",
	"textures": {
		"particle": "item/custom_item/magic_mirror"
	},
	"elements": [
		{
			"from": [6, 0, 7],
			"to": [10, 7, 8],
			"faces": {
				"north": {"uv": [6, 8, 10, 15], "texture": "#particle"},
				"east": {"uv": [6, 8, 7, 15], "texture": "#particle"},
				"south": {"uv": [6, 8, 10, 15], "texture": "#particle"},
				"west": {"uv": [9, 8, 10, 15], "texture": "#particle"},
				"up": {"uv": [6, 8, 10, 9], "texture": "#particle"},
				"down": {"uv": [6, 15, 10, 16], "texture": "#particle"}
			}
		}, 
		{
			"from": [5, 6, 7],
			"to": [6, 7, 8],
			"faces": {
				"north": {"uv": [5, 8, 6, 9], "texture": "#particle"},
				"east": {"uv": [5, 8, 6, 9], "texture": "#particle"},
				"south": {"uv": [5, 8, 6, 9], "texture": "#particle"},
				"west": {"uv": [5, 8, 6, 9], "texture": "#particle"},
				"up": {"uv": [5, 8, 6, 9], "texture": "#particle"},
				"down": {"uv": [5, 8, 6, 9], "texture": "#particle"}
			}
		}, 
		{
			"from": [5, 14, 7],
			"to": [11, 15, 8],
			"faces": {
				"north": {"uv": [5, 0, 11, 1], "texture": "#particle"},
				"east": {"uv": [10, 0, 11, 1], "texture": "#particle"},
				"south": {"uv": [5, 0, 11, 1], "texture": "#particle"},
				"west": {"uv": [5, 0, 6, 1], "texture": "#particle"},
				"up": {"uv": [5, 0, 11, 1], "texture": "#particle"},
				"down": {"uv": [5, 0, 11, 1], "texture": "#particle"}
			}
		}, 
		{
			"from": [10, 6, 7],
			"to": [11, 7, 8],
			"faces": {
				"north": {"uv": [10, 8, 11, 9], "texture": "#particle"},
				"east": {"uv": [10, 8, 11, 9], "texture": "#particle"},
				"south": {"uv": [10, 8, 11, 9], "texture": "#particle"},
				"west": {"uv": [10, 8, 11, 9], "texture": "#particle"},
				"up": {"uv": [10, 8, 11, 9], "texture": "#particle"},
				"down": {"uv": [10, 8, 11, 9], "texture": "#particle"}
			}
		}, 
		{
			"from": [4, 13, 7],
			"to": [12, 14, 8],
			"faces": {
				"north": {"uv": [4, 1, 12, 2], "texture": "#particle"},
				"east": {"uv": [11, 1, 12, 2], "texture": "#particle"},
				"south": {"uv": [4, 1, 12, 2], "texture": "#particle"},
				"west": {"uv": [4, 1, 5, 2], "texture": "#particle"},
				"up": {"uv": [4, 1, 12, 2], "texture": "#particle"},
				"down": {"uv": [4, 1, 12, 2], "texture": "#particle"}
			}
		}, 
		{
			"from": [4, 7, 7],
			"to": [12, 8, 8],
			"faces": {
				"north": {"uv": [4, 7, 12, 8], "texture": "#particle"},
				"east": {"uv": [11, 7, 12, 8], "texture": "#particle"},
				"south": {"uv": [4, 7, 12, 8], "texture": "#particle"},
				"west": {"uv": [4, 7, 5, 8], "texture": "#particle"},
				"up": {"uv": [4, 7, 12, 8], "texture": "#particle"},
				"down": {"uv": [4, 7, 12, 8], "texture": "#particle"}
			}
		}, 
		{
			"from": [3, 8, 7],
			"to": [13, 13, 8],
			"faces": {
				"north": {"uv": [3, 2, 13, 7], "texture": "#particle"},
				"east": {"uv": [12, 2, 13, 7], "texture": "#particle"},
				"south": {"uv": [3, 2, 13, 7], "texture": "#particle"},
				"west": {"uv": [3, 2, 4, 7], "texture": "#particle"},
				"up": {"uv": [3, 2, 13, 3], "texture": "#particle"},
				"down": {"uv": [3, 6, 13, 7], "texture": "#particle"}
			}
		}
	],
	"display": {
		"thirdperson_righthand": {
			"translation": [0, 0.25, -0.25],
			"scale": [0.5, 0.5, 0.5]
		},
		"thirdperson_lefthand": {
			"translation": [0, 0.25, -0.25],
			"scale": [0.5, 0.5, 0.5]
		},
		"firstperson_righthand": {
			"rotation": [0, 0, 23],
			"translation": [4.25, 1.25, 0]
		},
		"firstperson_lefthand": {
			"rotation": [0, 0, 23],
			"translation": [4.25, 1.25, 0]
		},
		"ground": {
			"rotation": [59, 63, 0],
			"translation": [0, 1, 0],
			"scale": [0.5, 0.5, 0.5]
		},
		"gui": {
			"scale": [1, 1, 0.5]
		},
		"fixed": {
			"translation": [0, 0, -0.25]
		}
	}
}