{
	"credit": "Made with Blockbench",
	"texture_size": [32, 32],
	"textures": {
		"0": "./custom_hats/arrow"
	},
	"elements": [
		{
			"name": "arrow",
			"from": [0, 0, 8],
			"to": [16, 5, 8],
			"faces": {
				"north": {"uv": [0, 0, 8, 2.5], "texture": "#0"},
				"east": {"uv": [0, 0, 0, 2.5], "texture": "#0"},
				"south": {"uv": [8, 0, 16, 2.5], "texture": "#0"},
				"west": {"uv": [8, 0, 8, 2.5], "texture": "#0"},
				"up": {"uv": [8, 0, 0, 0], "texture": "#0"},
				"down": {"uv": [16, 0, 8, 0], "texture": "#0"}
			}
		},
		{
			"name": "arrow",
			"from": [15, 0, 5.5],
			"to": [15, 5, 10.5],
			"faces": {
				"north": {"uv": [2.5, 2.5, 2.5, 5], "texture": "#0"},
				"east": {"uv": [0, 2.5, 2.5, 5], "texture": "#0"},
				"south": {"uv": [5, 2.5, 5, 5], "texture": "#0"},
				"west": {"uv": [2.5, 2.5, 5, 5], "texture": "#0"},
				"up": {"uv": [2.5, 2.5, 2.5, 0], "texture": "#0"},
				"down": {"uv": [2.5, 0, 2.5, 2.5], "texture": "#0"}
			}
		},
		{
			"name": "arrow",
			"from": [0, 2.5, 5.5],
			"to": [16, 2.5, 10.5],
			"faces": {
				"north": {"uv": [0, 2.5, 8, 2.5], "texture": "#0"},
				"east": {"uv": [-2.5, 2.5, 0, 2.5], "texture": "#0"},
				"south": {"uv": [10.5, 2.5, 18.5, 2.5], "texture": "#0"},
				"west": {"uv": [8, 2.5, 10.5, 2.5], "texture": "#0"},
				"up": {"uv": [8, 2.5, 0, 0], "texture": "#0"},
				"down": {"uv": [16, 0, 8, 2.5], "texture": "#0"}
			}
		}
	],
	"display": {
		"ground": {
			"translation": [0, 4.25, 0]
		},
		"gui": {
			"rotation": [0, -180, 41],
			"translation": [3.75, 4.5, 0]
		},
		"head": {
			"rotation": [-88, -48, 0],
			"translation": [6.75, 7, -3.5]
		},
		"fixed": {
			"translation": [0, 6, -0.5]
		}
	},
	"groups": [
		{
			"name": "arrow",
			"origin": [0, 0, 0],
			"color": 0,
			"children": [0, 1, 2]
		}
	]
}