{
	"credit": "Made with Blockbench",
	"texture_size": [64, 64],
	"textures": {
		"0": "entity/chest/normal"
	},
	"elements": [
		{
			"name": "base",
			"from": [0, 0, 1],
			"to": [14, 10, 15],
			"rotation": {"angle": 0, "axis": "x", "origin": [7, 5, 8]},
			"faces": {
				"north": {"uv": [10.5, 8.25, 14, 10.75], "rotation": 180, "texture": "#0"},
				"east": {"uv": [0, 8.25, 3.5, 10.75], "rotation": 180, "texture": "#0"},
				"south": {"uv": [3.5, 8.25, 7, 10.75], "rotation": 180, "texture": "#0"},
				"west": {"uv": [7, 8.25, 10.5, 10.75], "rotation": 180, "texture": "#0"},
				"up": {"uv": [10.5, 4.75, 7, 8.25], "texture": "#0"},
				"down": {"uv": [7, 8.25, 3.5, 4.75], "texture": "#0"}
			}
		},
		{
			"name": "lid",
			"from": [-0.1, 8.74138, 0.88047],
			"to": [14.1, 13.84138, 14.98047],
			"rotation": {"angle": 0, "axis": "x", "origin": [7, 11.24138, 7.88047]},
			"faces": {
				"north": {"uv": [10.5, 3.5, 14, 4.75], "rotation": 180, "texture": "#0"},
				"east": {"uv": [0, 3.5, 3.5, 4.75], "rotation": 180, "texture": "#0"},
				"south": {"uv": [3.5, 3.5, 7, 4.75], "rotation": 180, "texture": "#0"},
				"west": {"uv": [7, 3.5, 10.5, 4.75], "rotation": 180, "texture": "#0"},
				"up": {"uv": [10.5, 0, 7, 3.5], "texture": "#0"},
				"down": {"uv": [7, 3.5, 3.5, 0], "texture": "#0"}
			}
		},
		{
			"name": "knob",
			"from": [6, 6.74138, -0.11953],
			"to": [8, 10.74138, 0.88047],
			"rotation": {"angle": 0, "axis": "x", "origin": [0, 28.99138, 3.88909]},
			"faces": {
				"north": {"uv": [1, 0.25, 1.5, 1.25], "rotation": 180, "texture": "#0"},
				"east": {"uv": [0, 0.25, 0.25, 1.25], "rotation": 180, "texture": "#0"},
				"south": {"uv": [0.25, 0.25, 0.75, 1.25], "rotation": 180, "texture": "#0"},
				"west": {"uv": [0.75, 0.25, 1, 1.25], "rotation": 180, "texture": "#0"},
				"up": {"uv": [1.25, 0, 0.75, 0.25], "texture": "#0"},
				"down": {"uv": [0.75, 0.25, 0.25, 0], "texture": "#0"}
			}
		}
	],
	"display": {
		"thirdperson_righthand": {
			"scale": [0.25, 0.25, 0.25]
		},
		"thirdperson_lefthand": {
			"scale": [0.25, 0.25, 0.25]
		},
		"firstperson_righthand": {
			"scale": [0.5, 0.5, 0.5]
		},
		"firstperson_lefthand": {
			"scale": [0.5, 0.5, 0.5]
		},
		"ground": {
			"scale": [0.5, 0.5, 0.5]
		},
		"gui": {
			"rotation": [0, -180, 0],
			"translation": [-1, 0.5, 0]
		},
		"head": {
			"translation": [1, 1.5, 0]
		},
		"fixed": {
			"translation": [1, 0, 0]
		}
	},
	"groups": [
		{
			"name": "base",
			"origin": [-8, 0, 8],
			"color": 0,
			"children": [0]
		},
		{
			"name": "lid",
			"origin": [-8, 9, 7],
			"color": 0,
			"children": [1]
		},
		{
			"name": "knob",
			"origin": [-8, 8, 8],
			"color": 0,
			"children": [2]
		}
	]
}