{
	"credit": "Made with Blockbench",
	"texture_size": [64, 64],
	"textures": {
		"0": "./custom_hats/gangster_hat"
	},
	"elements": [
		{
			"name": "headwear",
			"from": [3.75, 1.75, 4.75],
			"to": [12.25, 9.25, 13.25],
			"rotation": {"angle": 0, "axis": "y", "origin": [8, 3.25, 8.75]},
			"faces": {
				"north": {"uv": [10, 2, 12, 3.75], "texture": "#0"},
				"east": {"uv": [8, 2, 10, 3.75], "texture": "#0"},
				"south": {"uv": [14, 2, 16, 3.75], "texture": "#0"},
				"west": {"uv": [12, 2, 14, 3.75], "texture": "#0"},
				"up": {"uv": [12, 2, 10, 0], "texture": "#0"},
				"down": {"uv": [14, 0, 12, 2], "texture": "#0"}
			}
		},
		{
			"name": "rotation",
			"from": [0, 4, 0.5],
			"to": [16, 5, 16.5],
			"rotation": {"angle": 0, "axis": "x", "origin": [8, 4.25, 8.75]},
			"faces": {
				"north": {"uv": [4.25, 4.75, 8.25, 5], "texture": "#0"},
				"east": {"uv": [0.25, 4.75, 4.25, 5], "texture": "#0"},
				"south": {"uv": [0.25, 4.75, 4.25, 5], "texture": "#0"},
				"west": {"uv": [4.25, 4.75, 8.25, 5], "texture": "#0"},
				"up": {"uv": [4.25, 9, 0.25, 5], "texture": "#0"},
				"down": {"uv": [8.5, 5, 4.5, 9], "texture": "#0"}
			}
		},
		{
			"from": [2, 4, 0.5],
			"to": [3, 4.99, 1.5],
			"faces": {
				"north": {"uv": [2.5, 4.75, 3, 4.9975], "texture": "#0"},
				"east": {"uv": [3, 4.75, 3.5, 4.9975], "texture": "#0"},
				"south": {"uv": [2.75, 4.75, 3.25, 4.9975], "texture": "#0"},
				"west": {"uv": [2.75, 4.75, 3.25, 4.9975], "texture": "#0"},
				"up": {"uv": [3.25, 4.75, 3.5, 5], "texture": "#0"},
				"down": {"uv": [2.25, 4.75, 2.5, 5], "texture": "#0"}
			}
		},
		{
			"from": [1, 4, 1.5],
			"to": [2, 4.99, 2.5],
			"faces": {
				"north": {"uv": [2.5, 4.75, 3, 4.9975], "texture": "#0"},
				"east": {"uv": [3, 4.75, 3.5, 4.9975], "texture": "#0"},
				"south": {"uv": [2.75, 4.75, 3.25, 4.9975], "texture": "#0"},
				"west": {"uv": [2.75, 4.75, 3.25, 4.9975], "texture": "#0"},
				"up": {"uv": [3.25, 4.75, 3.5, 5], "texture": "#0"},
				"down": {"uv": [2.25, 4.75, 2.5, 5], "texture": "#0"}
			}
		},
		{
			"from": [0, 4, 2.5],
			"to": [1, 4.99, 3.5],
			"faces": {
				"north": {"uv": [2.5, 4.75, 3, 4.9975], "texture": "#0"},
				"east": {"uv": [3, 4.75, 3.5, 4.9975], "texture": "#0"},
				"south": {"uv": [2.75, 4.75, 3.25, 4.9975], "texture": "#0"},
				"west": {"uv": [2.75, 4.75, 3.25, 4.9975], "texture": "#0"},
				"up": {"uv": [3.25, 4.75, 3.5, 5], "texture": "#0"},
				"down": {"uv": [2.25, 4.75, 2.5, 5], "texture": "#0"}
			}
		},
		{
			"from": [2, 4, 15.5],
			"to": [3, 4.99, 16.5],
			"faces": {
				"north": {"uv": [2.5, 4.75, 3, 4.9975], "texture": "#0"},
				"east": {"uv": [3, 4.75, 3.5, 4.9975], "texture": "#0"},
				"south": {"uv": [2.75, 4.75, 3.25, 4.9975], "texture": "#0"},
				"west": {"uv": [2.75, 4.75, 3.25, 4.9975], "texture": "#0"},
				"up": {"uv": [3.25, 4.75, 3.5, 5], "texture": "#0"},
				"down": {"uv": [2.25, 4.75, 2.5, 5], "texture": "#0"}
			}
		},
		{
			"from": [1, 4, 14.5],
			"to": [2, 4.99, 15.5],
			"faces": {
				"north": {"uv": [2.5, 4.75, 3, 4.9975], "texture": "#0"},
				"east": {"uv": [3, 4.75, 3.5, 4.9975], "texture": "#0"},
				"south": {"uv": [2.75, 4.75, 3.25, 4.9975], "texture": "#0"},
				"west": {"uv": [2.75, 4.75, 3.25, 4.9975], "texture": "#0"},
				"up": {"uv": [3.25, 4.75, 3.5, 5], "texture": "#0"},
				"down": {"uv": [2.25, 4.75, 2.5, 5], "texture": "#0"}
			}
		},
		{
			"from": [0, 4, 13.5],
			"to": [1, 4.99, 14.5],
			"faces": {
				"north": {"uv": [2.5, 4.75, 3, 4.9975], "texture": "#0"},
				"east": {"uv": [3, 4.75, 3.5, 4.9975], "texture": "#0"},
				"south": {"uv": [2.75, 4.75, 3.25, 4.9975], "texture": "#0"},
				"west": {"uv": [2.75, 4.75, 3.25, 4.9975], "texture": "#0"},
				"up": {"uv": [3.25, 4.75, 3.5, 5], "texture": "#0"},
				"down": {"uv": [2.25, 4.75, 2.5, 5], "texture": "#0"}
			}
		},
		{
			"from": [13, 4, 15.5],
			"to": [14, 4.99, 16.5],
			"rotation": {"angle": 0, "axis": "y", "origin": [18.5, 4.495, 8.5]},
			"faces": {
				"north": {"uv": [2.75, 4.75, 3.25, 4.9975], "texture": "#0"},
				"east": {"uv": [2.75, 4.75, 3.25, 4.9975], "texture": "#0"},
				"south": {"uv": [2.5, 4.75, 3, 4.9975], "texture": "#0"},
				"west": {"uv": [3, 4.75, 3.5, 4.9975], "texture": "#0"},
				"up": {"uv": [3.25, 4.75, 3.5, 5], "rotation": 180, "texture": "#0"},
				"down": {"uv": [2.25, 4.75, 2.5, 5], "rotation": 180, "texture": "#0"}
			}
		},
		{
			"from": [14, 4, 14.5],
			"to": [15, 4.99, 15.5],
			"rotation": {"angle": 0, "axis": "y", "origin": [18.5, 4.495, 8.5]},
			"faces": {
				"north": {"uv": [2.75, 4.75, 3.25, 4.9975], "texture": "#0"},
				"east": {"uv": [2.75, 4.75, 3.25, 4.9975], "texture": "#0"},
				"south": {"uv": [2.5, 4.75, 3, 4.9975], "texture": "#0"},
				"west": {"uv": [3, 4.75, 3.5, 4.9975], "texture": "#0"},
				"up": {"uv": [3.25, 4.75, 3.5, 5], "rotation": 180, "texture": "#0"},
				"down": {"uv": [2.25, 4.75, 2.5, 5], "rotation": 180, "texture": "#0"}
			}
		},
		{
			"from": [15, 4, 13.5],
			"to": [16, 4.99, 14.5],
			"rotation": {"angle": 0, "axis": "y", "origin": [18.5, 4.495, 8.5]},
			"faces": {
				"north": {"uv": [2.75, 4.75, 3.25, 4.9975], "texture": "#0"},
				"east": {"uv": [2.75, 4.75, 3.25, 4.9975], "texture": "#0"},
				"south": {"uv": [2.5, 4.75, 3, 4.9975], "texture": "#0"},
				"west": {"uv": [3, 4.75, 3.5, 4.9975], "texture": "#0"},
				"up": {"uv": [3.25, 4.75, 3.5, 5], "rotation": 180, "texture": "#0"},
				"down": {"uv": [2.25, 4.75, 2.5, 5], "rotation": 180, "texture": "#0"}
			}
		},
		{
			"from": [13, 4, 0.5],
			"to": [14, 4.99, 1.5],
			"rotation": {"angle": 0, "axis": "y", "origin": [18.5, 4.495, 8.5]},
			"faces": {
				"north": {"uv": [2.75, 4.75, 3.25, 4.9975], "texture": "#0"},
				"east": {"uv": [2.75, 4.75, 3.25, 4.9975], "texture": "#0"},
				"south": {"uv": [2.5, 4.75, 3, 4.9975], "texture": "#0"},
				"west": {"uv": [3, 4.75, 3.5, 4.9975], "texture": "#0"},
				"up": {"uv": [3.25, 4.75, 3.5, 5], "rotation": 180, "texture": "#0"},
				"down": {"uv": [2.25, 4.75, 2.5, 5], "rotation": 180, "texture": "#0"}
			}
		},
		{
			"from": [14, 4, 1.5],
			"to": [15, 4.99, 2.5],
			"rotation": {"angle": 0, "axis": "y", "origin": [18.5, 4.495, 8.5]},
			"faces": {
				"north": {"uv": [2.75, 4.75, 3.25, 4.9975], "texture": "#0"},
				"east": {"uv": [2.75, 4.75, 3.25, 4.9975], "texture": "#0"},
				"south": {"uv": [2.5, 4.75, 3, 4.9975], "texture": "#0"},
				"west": {"uv": [3, 4.75, 3.5, 4.9975], "texture": "#0"},
				"up": {"uv": [3.25, 4.75, 3.5, 5], "rotation": 180, "texture": "#0"},
				"down": {"uv": [2.25, 4.75, 2.5, 5], "rotation": 180, "texture": "#0"}
			}
		},
		{
			"from": [15, 4, 2.5],
			"to": [16, 4.99, 3.5],
			"rotation": {"angle": 0, "axis": "y", "origin": [18.5, 4.495, 8.5]},
			"faces": {
				"north": {"uv": [2.75, 4.75, 3.25, 4.9975], "texture": "#0"},
				"east": {"uv": [2.75, 4.75, 3.25, 4.9975], "texture": "#0"},
				"south": {"uv": [2.5, 4.75, 3, 4.9975], "texture": "#0"},
				"west": {"uv": [3, 4.75, 3.5, 4.9975], "texture": "#0"},
				"up": {"uv": [3.25, 4.75, 3.5, 5], "rotation": 180, "texture": "#0"},
				"down": {"uv": [2.25, 4.75, 2.5, 5], "rotation": 180, "texture": "#0"}
			}
		}
	],
	"display": {
		"thirdperson_righthand": {
			"scale": [0.5, 0.5, 0.5]
		},
		"thirdperson_lefthand": {
			"scale": [0.5, 0.5, 0.5]
		},
		"gui": {
			"rotation": [0, -64, -16],
			"translation": [1.25, 1.5, 0]
		},
		"head": {
			"translation": [0, 8, -1.5],
			"scale": [1.7, 1.7, 1.7]
		}
	},
	"groups": [
		{
			"name": "head",
			"origin": [0, 24, 0],
			"color": 0,
			"children": [0, 1, 2, 3, 4, 5, 6, 7, 8, 9, 10, 11, 12, 13]
		}
	]
}