{
	"credit": "Made with Blockbench",
	"texture_size": [96, 64],
	"textures": {
		"0": "./custom_hats/hat_hat"
	},
	"elements": [
		{
			"name": "head",
			"from": [4, 24, 4],
			"to": [12, 32, 12],
			"faces": {
				"north": {"uv": [1.33333, 2, 2.66667, 4], "texture": "#0"},
				"east": {"uv": [0, 2, 1.33333, 4], "texture": "#0"},
				"south": {"uv": [4, 2, 5.33333, 4], "texture": "#0"},
				"west": {"uv": [2.66667, 2, 4, 4], "texture": "#0"},
				"up": {"uv": [2.66667, 2, 1.33333, 0], "texture": "#0"},
				"down": {"uv": [4, 0, 2.66667, 2], "texture": "#0"}
			}
		},
		{
			"name": "headwear",
			"from": [3.5, 23, 3.5],
			"to": [12.5, 32, 12.5],
			"faces": {
				"north": {"uv": [6.66667, 2, 8, 4], "texture": "#0"},
				"east": {"uv": [5.33333, 2, 6.66667, 4], "texture": "#0"},
				"south": {"uv": [9.33333, 2, 10.66667, 4], "texture": "#0"},
				"west": {"uv": [8, 2, 9.33333, 4], "texture": "#0"},
				"up": {"uv": [8, 2, 6.66667, 0], "texture": "#0"},
				"down": {"uv": [9.33333, 0, 8, 2], "texture": "#0"}
			}
		},
		{
			"name": "body",
			"from": [4, 12, 6],
			"to": [12, 24, 10],
			"faces": {
				"north": {"uv": [3.33333, 5, 4.66667, 8], "texture": "#0"},
				"east": {"uv": [2.66667, 5, 3.33333, 8], "texture": "#0"},
				"south": {"uv": [5.33333, 5, 6.66667, 8], "texture": "#0"},
				"west": {"uv": [4.66667, 5, 5.33333, 8], "texture": "#0"},
				"up": {"uv": [4.66667, 5, 3.33333, 4], "texture": "#0"},
				"down": {"uv": [6, 4, 4.66667, 5], "texture": "#0"}
			}
		},
		{
			"name": "jacket",
			"from": [3.75, 11.75, 5.75],
			"to": [12.25, 24.25, 10.25],
			"faces": {
				"north": {"uv": [3.33333, 9, 4.66667, 12], "texture": "#0"},
				"east": {"uv": [2.66667, 9, 3.33333, 12], "texture": "#0"},
				"south": {"uv": [5.33333, 9, 6.66667, 12], "texture": "#0"},
				"west": {"uv": [4.66667, 9, 5.33333, 12], "texture": "#0"},
				"up": {"uv": [4.66667, 9, 3.33333, 8], "texture": "#0"},
				"down": {"uv": [6, 8, 4.66667, 9], "texture": "#0"}
			}
		},
		{
			"name": "left_arm",
			"from": [0, 12, 6],
			"to": [4, 24, 10],
			"faces": {
				"north": {"uv": [6, 13, 6.66667, 16], "texture": "#0"},
				"east": {"uv": [5.33333, 13, 6, 16], "texture": "#0"},
				"south": {"uv": [7.33333, 13, 8, 16], "texture": "#0"},
				"west": {"uv": [6.66667, 13, 7.33333, 16], "texture": "#0"},
				"up": {"uv": [6.66667, 13, 6, 12], "texture": "#0"},
				"down": {"uv": [7.33333, 12, 6.66667, 13], "texture": "#0"}
			}
		},
		{
			"name": "left_sleve",
			"from": [-0.25, 11.75, 5.75],
			"to": [4.25, 24.25, 10.25],
			"faces": {
				"north": {"uv": [8.66667, 13, 9.33333, 16], "texture": "#0"},
				"east": {"uv": [8, 13, 8.66667, 16], "texture": "#0"},
				"south": {"uv": [10, 13, 10.66667, 16], "texture": "#0"},
				"west": {"uv": [9.33333, 13, 10, 16], "texture": "#0"},
				"up": {"uv": [9.33333, 13, 8.66667, 12], "texture": "#0"},
				"down": {"uv": [10, 12, 9.33333, 13], "texture": "#0"}
			}
		},
		{
			"name": "right_arm",
			"from": [12, 12, 6],
			"to": [16, 24, 10],
			"faces": {
				"north": {"uv": [7.33333, 5, 8, 8], "texture": "#0"},
				"east": {"uv": [6.66667, 5, 7.33333, 8], "texture": "#0"},
				"south": {"uv": [8.66667, 5, 9.33333, 8], "texture": "#0"},
				"west": {"uv": [8, 5, 8.66667, 8], "texture": "#0"},
				"up": {"uv": [8, 5, 7.33333, 4], "texture": "#0"},
				"down": {"uv": [8.66667, 4, 8, 5], "texture": "#0"}
			}
		},
		{
			"name": "right_sleve",
			"from": [11.75, 11.75, 5.75],
			"to": [16.25, 24.25, 10.25],
			"faces": {
				"north": {"uv": [7.33333, 9, 8, 12], "texture": "#0"},
				"east": {"uv": [6.66667, 9, 7.33333, 12], "texture": "#0"},
				"south": {"uv": [8.66667, 9, 9.33333, 12], "texture": "#0"},
				"west": {"uv": [8, 9, 8.66667, 12], "texture": "#0"},
				"up": {"uv": [8, 9, 7.33333, 8], "texture": "#0"},
				"down": {"uv": [8.66667, 8, 8, 9], "texture": "#0"}
			}
		},
		{
			"name": "left_leg",
			"from": [0, 8, -1],
			"to": [4, 12, 11],
			"rotation": {"angle": 22.5, "axis": "y", "origin": [0, 0, 0]},
			"faces": {
				"north": {"uv": [4.66667, 12, 4, 13], "rotation": 180, "texture": "#0"},
				"east": {"uv": [2.66667, 13, 3.33333, 16], "rotation": 270, "texture": "#0"},
				"south": {"uv": [4, 13, 3.33333, 12], "texture": "#0"},
				"west": {"uv": [4, 13, 4.66667, 16], "rotation": 90, "texture": "#0"},
				"up": {"uv": [3.33333, 13, 4, 16], "rotation": 180, "texture": "#0"},
				"down": {"uv": [4.66667, 13, 5.33333, 16], "texture": "#0"}
			}
		},
		{
			"name": "left_pants",
			"from": [-0.25, 7.75, -1.25],
			"to": [4.25, 12.25, 11.25],
			"rotation": {"angle": 22.5, "axis": "y", "origin": [0, 0, 0]},
			"faces": {
				"north": {"uv": [2, 12, 1.33333, 13], "rotation": 180, "texture": "#0"},
				"east": {"uv": [0, 13, 0.66667, 16], "rotation": 270, "texture": "#0"},
				"south": {"uv": [1.33333, 13, 0.66667, 12], "texture": "#0"},
				"west": {"uv": [1.33333, 13, 2, 16], "rotation": 90, "texture": "#0"},
				"up": {"uv": [0.66667, 13, 1.33333, 16], "rotation": 180, "texture": "#0"},
				"down": {"uv": [2, 13, 2.66667, 16], "texture": "#0"}
			}
		},
		{
			"name": "right_leg",
			"from": [10, 8, -7],
			"to": [14, 12, 5],
			"rotation": {"angle": -22.5, "axis": "y", "origin": [0, 0, 0]},
			"faces": {
				"north": {"uv": [2, 4, 1.33333, 5], "rotation": 180, "texture": "#0"},
				"east": {"uv": [0, 5, 0.66667, 8], "rotation": 270, "texture": "#0"},
				"south": {"uv": [1.33333, 5, 0.66667, 4], "texture": "#0"},
				"west": {"uv": [1.33333, 5, 2, 8], "rotation": 90, "texture": "#0"},
				"up": {"uv": [0.66667, 5, 1.33333, 8], "rotation": 180, "texture": "#0"},
				"down": {"uv": [2, 5, 2.66667, 8], "texture": "#0"}
			}
		},
		{
			"name": "right_pants",
			"from": [9.75, 7.75, -7.25],
			"to": [14.25, 12.25, 5.25],
			"rotation": {"angle": -22.5, "axis": "y", "origin": [0, 0, 0]},
			"faces": {
				"north": {"uv": [2, 8, 1.33333, 9], "rotation": 180, "texture": "#0"},
				"east": {"uv": [0, 9, 0.66667, 12], "rotation": 270, "texture": "#0"},
				"south": {"uv": [1.33333, 9, 0.66667, 8], "texture": "#0"},
				"west": {"uv": [1.33333, 9, 2, 12], "rotation": 90, "texture": "#0"},
				"up": {"uv": [0.66667, 9, 1.33333, 12], "rotation": 180, "texture": "#0"},
				"down": {"uv": [2, 9, 2.66667, 12], "texture": "#0"}
			}
		}
	],
	"display": {
		"thirdperson_righthand": {
			"scale": [0.25, 0.25, 0.25]
		},
		"thirdperson_lefthand": {
			"scale": [0.25, 0.25, 0.25]
		},
		"firstperson_righthand": {
			"scale": [0.25, 0.25, 0.25]
		},
		"firstperson_lefthand": {
			"scale": [0.25, 0.25, 0.25]
		},
		"ground": {
			"translation": [0, -3.5, 0],
			"scale": [0.5, 0.5, 0.5]
		},
		"gui": {
			"rotation": [0, -180, 0],
			"translation": [0, -5.5, 0],
			"scale": [0.5, 0.5, 0.5]
		},
		"head": {
			"translation": [0, 6.25, 1.25],
			"scale": [0.5, 0.5, 0.5]
		},
		"fixed": {
			"translation": [0, -4.75, -1.5],
			"scale": [0.5, 0.5, 0.5]
		}
	},
	"groups": [
		{
			"name": "hathat",
			"origin": [0, 0, 0],
			"color": 0,
			"children": [
				{
					"name": "head",
					"origin": [0, 24, 0],
					"color": 0,
					"children": [0]
				},
				{
					"name": "headwear",
					"origin": [0, 24, 0],
					"color": 0,
					"children": [1]
				},
				{
					"name": "body",
					"origin": [0, 24, 0],
					"color": 0,
					"children": [2]
				},
				{
					"name": "jacket",
					"origin": [0, 24, 0],
					"color": 0,
					"children": [3]
				},
				{
					"name": "left_arm",
					"origin": [-5, 22, 0],
					"color": 0,
					"children": [4]
				},
				{
					"name": "left_sleve",
					"origin": [-5, 22, 0],
					"color": 0,
					"children": [5]
				},
				{
					"name": "right_arm",
					"origin": [5, 22, 0],
					"color": 0,
					"children": [6]
				},
				{
					"name": "right_sleve",
					"origin": [5, 22, 0],
					"color": 0,
					"children": [7]
				},
				{
					"name": "left_leg",
					"origin": [-2, 12, 0],
					"color": 0,
					"children": [8]
				},
				{
					"name": "left_pants",
					"origin": [-2, 12, 0],
					"color": 0,
					"children": [9]
				},
				{
					"name": "right_leg",
					"origin": [2, 12, 0],
					"color": 0,
					"children": [10]
				},
				{
					"name": "right_pants",
					"origin": [2, 12, 0],
					"color": 0,
					"children": [11]
				}
			]
		}
	]
}