{
	"credit": "Made with Blockbench",
	"texture_size": [64, 32],
	"textures": {
		"0": "entity/minecart"
	},
	"elements": [
		{
			"name": "front2",
			"from": [0, 2, 0],
			"to": [16, 10, 2],
			"faces": {
				"north": {"uv": [5, 1, 9, 5], "texture": "#0"},
				"east": {"uv": [4.5, 1, 5, 5], "texture": "#0"},
				"south": {"uv": [0.5, 1, 4.5, 5], "texture": "#0"},
				"west": {"uv": [0, 1, 0.5, 5], "texture": "#0"},
				"up": {"uv": [4.5, 1, 0.5, 0], "rotation": 180, "texture": "#0"},
				"down": {"uv": [8.5, 0, 4.5, 1], "rotation": 180, "texture": "#0"}
			}
		},
		{
			"name": "back2",
			"from": [16, 2, 0],
			"to": [18, 10, 16],
			"faces": {
				"north": {"uv": [0, 1, 0.5, 5], "texture": "#0"},
				"east": {"uv": [5, 1, 9, 5], "texture": "#0"},
				"south": {"uv": [4.5, 1, 5, 5], "texture": "#0"},
				"west": {"uv": [0.5, 1, 4.5, 5], "texture": "#0"},
				"up": {"uv": [4.5, 1, 0.5, 0], "rotation": 270, "texture": "#0"},
				"down": {"uv": [8.5, 0, 4.5, 1], "rotation": 90, "texture": "#0"}
			}
		},
		{
			"name": "right2",
			"from": [-2, 2, 0],
			"to": [0, 10, 16],
			"faces": {
				"north": {"uv": [4.5, 1, 5, 5], "texture": "#0"},
				"east": {"uv": [0.5, 1, 4.5, 5], "texture": "#0"},
				"south": {"uv": [0, 1, 0.5, 5], "texture": "#0"},
				"west": {"uv": [5, 1, 9, 5], "texture": "#0"},
				"up": {"uv": [4.5, 1, 0.5, 0], "rotation": 90, "texture": "#0"},
				"down": {"uv": [8.5, 0, 4.5, 1], "rotation": 270, "texture": "#0"}
			}
		},
		{
			"name": "left2",
			"from": [0, 2, 14],
			"to": [16, 10, 16],
			"faces": {
				"north": {"uv": [0.5, 1, 4.5, 5], "texture": "#0"},
				"east": {"uv": [0, 1, 0.5, 5], "texture": "#0"},
				"south": {"uv": [5, 1, 9, 5], "texture": "#0"},
				"west": {"uv": [4.5, 1, 5, 5], "texture": "#0"},
				"up": {"uv": [4.5, 1, 0.5, 0], "texture": "#0"},
				"down": {"uv": [8.5, 0, 4.5, 1], "texture": "#0"}
			}
		},
		{
			"name": "base",
			"from": [-2, 0, 0],
			"to": [18, 2, 16],
			"faces": {
				"north": {"uv": [5.5, 6, 0.5, 5], "rotation": 180, "texture": "#0"},
				"east": {"uv": [0, 6, 0.5, 14], "rotation": 90, "texture": "#0"},
				"south": {"uv": [10.5, 5, 5.5, 6], "texture": "#0"},
				"west": {"uv": [5.5, 6, 6, 14], "rotation": 270, "texture": "#0"},
				"up": {"uv": [6, 6, 11, 14], "texture": "#0"},
				"down": {"uv": [0.5, 6, 5.5, 14], "rotation": 180, "texture": "#0"}
			}
		}
	],
	"display": {
		"thirdperson_righthand": {
			"scale": [0.25, 0.25, 0.25]
		},
		"thirdperson_lefthand": {
			"scale": [0.25, 0.25, 0.25]
		},
		"firstperson_righthand": {
			"scale": [0.5, 0.5, 0.5]
		},
		"firstperson_lefthand": {
			"scale": [0.5, 0.5, 0.5]
		},
		"ground": {
			"scale": [0.5, 0.5, 0.5]
		},
		"gui": {
			"rotation": [41, -26, 0],
			"scale": [0.5, 0.5, 0.5]
		},
		"head": {
			"rotation": [-180, 0, 0],
			"translation": [0, 2.25, 0]
		},
		"fixed": {
			"translation": [0, -4.25, -9.25]
		}
	},
	"groups": [
		{
			"name": "group",
			"origin": [8, 8, 8],
			"color": 0,
			"children": [
				{
					"name": "front",
					"origin": [0, 1, 9],
					"color": 0,
					"children": [
						{
							"name": "front2",
							"origin": [0, 0, 0],
							"rotation": [0, -180, 0],
							"color": 0,
							"children": [0]
						},
						{
							"name": "back2",
							"origin": [0, 0, 0],
							"color": 0,
							"children": [1]
						},
						{
							"name": "right2",
							"origin": [0, 0, 0],
							"rotation": [0, 90, 0],
							"color": 0,
							"children": [2]
						},
						{
							"name": "left2",
							"origin": [0, 0, 0],
							"rotation": [0, -90, 0],
							"color": 0,
							"children": [3]
						},
						{
							"name": "base",
							"origin": [0, 0, 0],
							"rotation": [0, 90, 90],
							"color": 0,
							"children": [4]
						}
					]
				},
				{
					"name": "back",
					"origin": [0, 0, 0],
					"color": 0,
					"children": []
				},
				{
					"name": "bottom",
					"origin": [0, 0, 0],
					"color": 0,
					"children": []
				},
				{
					"name": "right",
					"origin": [0, 0, 0],
					"color": 0,
					"children": []
				},
				{
					"name": "left",
					"origin": [0, 0, 0],
					"color": 0,
					"children": []
				},
				{
					"name": "bone",
					"origin": [0, 0, 0],
					"color": 0,
					"children": []
				}
			]
		}
	]
}