{
	"credit": "Made with Blockbench",
	"texture_size": [64, 64],
	"textures": {
		"0": "entity/shulker/shulker",
		"particle": "entity/shulker/shulker"
	},
	"elements": [
		{
			"name": "lid",
			"from": [0, 6, 0],
			"to": [16, 18, 16],
			"faces": {
				"north": {"uv": [4, 4, 8, 7], "texture": "#0"},
				"east": {"uv": [0, 4, 4, 7], "texture": "#0"},
				"south": {"uv": [12, 4, 16, 7], "texture": "#0"},
				"west": {"uv": [8, 4, 12, 7], "texture": "#0"},
				"up": {"uv": [8, 4, 4, 0], "texture": "#0"},
				"down": {"uv": [12, 0, 8, 4], "texture": "#0"}
			}
		},
		{
			"name": "base",
			"from": [0, 0, 0],
			"to": [16, 8, 16],
			"faces": {
				"north": {"uv": [4, 11, 8, 13], "texture": "#0"},
				"east": {"uv": [0, 11, 4, 13], "texture": "#0"},
				"south": {"uv": [12, 11, 16, 13], "texture": "#0"},
				"west": {"uv": [8, 11, 12, 13], "texture": "#0"},
				"up": {"uv": [8, 11, 4, 7], "texture": "#0"},
				"down": {"uv": [12, 7, 8, 11], "texture": "#0"}
			}
		}
	],
	"display": {
		"thirdperson_righthand": {
			"scale": [0.25, 0.25, 0.25]
		},
		"thirdperson_lefthand": {
			"scale": [0.25, 0.25, 0.25]
		},
		"firstperson_righthand": {
			"scale": [0.5, 0.5, 0.5]
		},
		"firstperson_lefthand": {
			"scale": [0.5, 0.5, 0.5]
		},
		"ground": {
			"scale": [0.5, 0.5, 0.5]
		},
		"gui": {
			"rotation": [51, -38, 0],
			"scale": [0.625, 0.625, 0.625]
		}
	},
	"groups": [
		{
			"name": "lid",
			"origin": [0, 0, 0],
			"color": 0,
			"children": [0]
		},
		{
			"name": "base",
			"origin": [0, 0, 0],
			"color": 0,
			"children": [1]
		}
	]
}