{
	"credit": "Made with Blockbench",
	"texture_size": [64, 32],
	"textures": {
		"0": "./custom_hats/sign_hat"
	},
	"elements": [
		{
			"name": "board",
			"from": [-4, 14, 7],
			"to": [20, 26, 9],
			"rotation": {"angle": 0, "axis": "y", "origin": [8, 13.5, 8]},
			"faces": {
				"north": {"uv": [0.5, 1, 6.5, 7], "texture": "#0"},
				"east": {"uv": [0, 1, 0.5, 7], "texture": "#0"},
				"south": {"uv": [7, 1, 13, 7], "texture": "#0"},
				"west": {"uv": [6.5, 1, 7, 7], "texture": "#0"},
				"up": {"uv": [6.5, 1, 0.5, 0], "texture": "#0"},
				"down": {"uv": [12.5, 0, 6.5, 1], "texture": "#0"}
			}
		},
		{
			"name": "stick",
			"from": [7, 0, 7],
			"to": [9, 14, 9],
			"rotation": {"angle": 0, "axis": "y", "origin": [8, 13.5, 8]},
			"faces": {
				"north": {"uv": [0.5, 8, 1, 15], "texture": "#0"},
				"east": {"uv": [0, 8, 0.5, 15], "texture": "#0"},
				"south": {"uv": [1.5, 8, 2, 15], "texture": "#0"},
				"west": {"uv": [1, 8, 1.5, 15], "texture": "#0"},
				"up": {"uv": [1, 8, 0.5, 7], "texture": "#0"},
				"down": {"uv": [1.5, 7, 1, 8], "texture": "#0"}
			}
		}
	],
	"display": {
		"thirdperson_righthand": {
			"scale": [0.75, 0.75, 0.75]
		},
		"thirdperson_lefthand": {
			"scale": [0.75, 0.75, 0.75]
		},
		"firstperson_righthand": {
			"rotation": [0, -180, 0],
			"translation": [-2.25, 0, 0],
			"scale": [0.75, 0.75, 0.75]
		},
		"firstperson_lefthand": {
			"rotation": [0, -180, 0],
			"translation": [-2.25, 0, 0],
			"scale": [0.75, 0.75, 0.75]
		},
		"gui": {
			"rotation": [0, -180, 0],
			"translation": [0, -4, 0],
			"scale": [0.75, 0.75, 0.75]
		},
		"head": {
			"translation": [0, 4.5, 0],
			"scale": [0.75, 0.75, 0.75]
		},
		"fixed": {
			"translation": [0, -6, -2]
		}
	},
	"groups": [
		{
			"name": "board",
			"origin": [0, 12, 0],
			"color": 0,
			"children": [0]
		},
		{
			"name": "stick",
			"origin": [0, 12, 0],
			"color": 0,
			"children": [1]
		}
	]
}