{
	"credit": "Made with Blockbench",
	"texture_size": [64, 32],
	"textures": {
		"0": "entity/squid/squid"
	},
	"elements": [
		{
			"name": "body",
			"from": [2, 16, 1],
			"to": [14, 32, 13],
			"rotation": {"angle": 0, "axis": "y", "origin": [8, 16.5, 7.15]},
			"faces": {
				"north": {"uv": [3, 6, 6, 14], "texture": "#0"},
				"east": {"uv": [0, 6, 3, 14], "texture": "#0"},
				"south": {"uv": [9, 6, 12, 14], "texture": "#0"},
				"west": {"uv": [6, 6, 9, 14], "texture": "#0"},
				"up": {"uv": [6, 6, 3, 0], "texture": "#0"},
				"down": {"uv": [9, 0, 6, 6], "texture": "#0"}
			}
		},
		{
			"name": "tentacle1",
			"from": [12, 0, 6],
			"to": [14, 18, 8],
			"rotation": {"angle": 45, "axis": "z", "origin": [8, 16.5, 7.15]},
			"faces": {
				"north": {"uv": [12.5, 1, 13, 10], "texture": "#0"},
				"east": {"uv": [12, 1, 12.5, 10], "texture": "#0"},
				"south": {"uv": [13.5, 1, 14, 10], "texture": "#0"},
				"west": {"uv": [13, 1, 13.5, 10], "texture": "#0"},
				"up": {"uv": [13, 1, 12.5, 0], "texture": "#0"},
				"down": {"uv": [13.5, 0, 13, 1], "texture": "#0"}
			}
		},
		{
			"name": "tentacle2_rotation",
			"from": [10.5, 0, 2.5],
			"to": [12.5, 18, 4.5],
			"rotation": {"angle": 45, "axis": "z", "origin": [8, 16.5, 7.15]},
			"faces": {
				"north": {"uv": [12.5, 1, 13, 10], "texture": "#0"},
				"east": {"uv": [12, 1, 12.5, 10], "texture": "#0"},
				"south": {"uv": [13.5, 1, 14, 10], "texture": "#0"},
				"west": {"uv": [13, 1, 13.5, 10], "texture": "#0"},
				"up": {"uv": [13, 1, 12.5, 0], "texture": "#0"},
				"down": {"uv": [13.5, 0, 13, 1], "texture": "#0"}
			}
		},
		{
			"name": "tentacle3",
			"from": [7, -3, 1],
			"to": [9, 15, 3],
			"rotation": {"angle": 22.5, "axis": "x", "origin": [8, 16.5, 7.15]},
			"faces": {
				"north": {"uv": [12.5, 1, 13, 10], "texture": "#0"},
				"east": {"uv": [12, 1, 12.5, 10], "texture": "#0"},
				"south": {"uv": [13.5, 1, 14, 10], "texture": "#0"},
				"west": {"uv": [13, 1, 13.5, 10], "texture": "#0"},
				"up": {"uv": [13, 1, 12.5, 0], "texture": "#0"},
				"down": {"uv": [13.5, 0, 13, 1], "texture": "#0"}
			}
		},
		{
			"name": "tentacle4_rotation",
			"from": [-8.5, 19, 2.5],
			"to": [9.5, 21, 4.5],
			"rotation": {"angle": 45, "axis": "z", "origin": [8, 16.5, 7.15]},
			"faces": {
				"north": {"uv": [12.5, 1, 13, 10], "rotation": 270, "texture": "#0"},
				"east": {"uv": [13, 1, 12.5, 0], "rotation": 90, "texture": "#0"},
				"south": {"uv": [13.5, 1, 14, 10], "rotation": 90, "texture": "#0"},
				"west": {"uv": [13.5, 0, 13, 1], "rotation": 90, "texture": "#0"},
				"up": {"uv": [13, 1, 13.5, 10], "rotation": 90, "texture": "#0"},
				"down": {"uv": [12, 1, 12.5, 10], "rotation": 90, "texture": "#0"}
			}
		},
		{
			"name": "tentacle5",
			"from": [2, 0, 6],
			"to": [4, 18, 8],
			"rotation": {"angle": -45, "axis": "z", "origin": [8, 16.5, 7.15]},
			"faces": {
				"north": {"uv": [12.5, 1, 13, 10], "texture": "#0"},
				"east": {"uv": [12, 1, 12.5, 10], "texture": "#0"},
				"south": {"uv": [13.5, 1, 14, 10], "texture": "#0"},
				"west": {"uv": [13, 1, 13.5, 10], "texture": "#0"},
				"up": {"uv": [13, 1, 12.5, 0], "texture": "#0"},
				"down": {"uv": [13.5, 0, 13, 1], "texture": "#0"}
			}
		},
		{
			"name": "tentacle6_rotation",
			"from": [-8.5, 19, 9.5],
			"to": [9.5, 21, 11.5],
			"rotation": {"angle": 45, "axis": "z", "origin": [8, 16.5, 7.15]},
			"faces": {
				"north": {"uv": [12.5, 1, 13, 10], "rotation": 270, "texture": "#0"},
				"east": {"uv": [13, 1, 12.5, 0], "rotation": 90, "texture": "#0"},
				"south": {"uv": [13.5, 1, 14, 10], "rotation": 90, "texture": "#0"},
				"west": {"uv": [13.5, 0, 13, 1], "rotation": 90, "texture": "#0"},
				"up": {"uv": [13, 1, 13.5, 10], "rotation": 90, "texture": "#0"},
				"down": {"uv": [12, 1, 12.5, 10], "rotation": 90, "texture": "#0"}
			}
		},
		{
			"name": "tentacle7_rotation",
			"from": [7, 17.65, 5.65],
			"to": [9, 19.65, 23.65],
			"rotation": {"angle": 22.5, "axis": "x", "origin": [8, 16.5, 7.15]},
			"faces": {
				"north": {"uv": [13, 1, 12.5, 0], "rotation": 180, "texture": "#0"},
				"east": {"uv": [12, 1, 12.5, 10], "rotation": 90, "texture": "#0"},
				"south": {"uv": [13.5, 0, 13, 1], "texture": "#0"},
				"west": {"uv": [13, 1, 13.5, 10], "rotation": 270, "texture": "#0"},
				"up": {"uv": [13.5, 1, 14, 10], "texture": "#0"},
				"down": {"uv": [12.5, 1, 13, 10], "rotation": 180, "texture": "#0"}
			}
		},
		{
			"name": "tentacle8_rotation",
			"from": [10.5, 0, 9.5],
			"to": [12.5, 18, 11.5],
			"rotation": {"angle": 45, "axis": "z", "origin": [8, 16.5, 7.15]},
			"faces": {
				"north": {"uv": [12.5, 1, 13, 10], "texture": "#0"},
				"east": {"uv": [12, 1, 12.5, 10], "texture": "#0"},
				"south": {"uv": [13.5, 1, 14, 10], "texture": "#0"},
				"west": {"uv": [13, 1, 13.5, 10], "texture": "#0"},
				"up": {"uv": [13, 1, 12.5, 0], "texture": "#0"},
				"down": {"uv": [13.5, 0, 13, 1], "texture": "#0"}
			}
		}
	],
	"display": {
		"thirdperson_righthand": {
			"scale": [0.5, 0.5, 0.5]
		},
		"thirdperson_lefthand": {
			"scale": [0.5, 0.5, 0.5]
		},
		"ground": {
			"rotation": [0, 0, 90],
			"translation": [11, 2, 0.5],
			"scale": [0.75, 0.75, 0.75]
		},
		"gui": {
			"rotation": [0, -180, 0],
			"translation": [0, -4.75, 0],
			"scale": [0.5, 0.5, 0.5]
		},
		"head": {
			"translation": [0, -1.75, 0.5]
		},
		"fixed": {
			"translation": [0, -14.25, 0]
		}
	},
	"groups": [
		{
			"name": "body",
			"origin": [0, 25, 0],
			"color": 0,
			"children": [0]
		},
		{
			"name": "tentacle1",
			"origin": [-5, 18, 0],
			"color": 0,
			"children": [1]
		},
		{
			"name": "tentacle2",
			"origin": [-3.5, 18, -3.5],
			"color": 0,
			"children": [
				{
					"name": "tentacle2_rotation",
					"origin": [3.5, 9, -3.5],
					"color": 0,
					"children": [2]
				}
			]
		},
		{
			"name": "tentacle3",
			"origin": [0, 18, -5],
			"color": 0,
			"children": [3]
		},
		{
			"name": "tentacle4",
			"origin": [3.5, 18, -3.5],
			"color": 0,
			"children": [
				{
					"name": "tentacle4_rotation",
					"origin": [-3.5, 9, -3.5],
					"color": 0,
					"children": [4]
				}
			]
		},
		{
			"name": "tentacle5",
			"origin": [-10, 18, -5],
			"color": 0,
			"children": [5]
		},
		{
			"name": "tentacle6",
			"origin": [3.5, 18, 3.5],
			"color": 0,
			"children": [
				{
					"name": "tentacle6_rotation",
					"origin": [-3.5, 9, 3.5],
					"color": 0,
					"children": [6]
				}
			]
		},
		{
			"name": "tentacle7",
			"origin": [0, 18, 1.65],
			"color": 0,
			"children": [
				{
					"name": "tentacle7_rotation",
					"origin": [0, 9, -1.7],
					"color": 0,
					"children": [7]
				}
			]
		},
		{
			"name": "tentacle8",
			"origin": [-3.5, 18, 3.5],
			"color": 0,
			"children": [
				{
					"name": "tentacle8_rotation",
					"origin": [3.5, 9, 3.5],
					"color": 0,
					"children": [8]
				}
			]
		}
	]
}