{
	"credit": "Made with Blockbench",
	"parent": "block/block",
	"textures": {
		"0": "block/custom/chaos_forge/top",
		"1": "block/custom/chaos_forge/side",
		"2": "block/custom/chaos_forge/bottom",
		"particle": "block/custom/chaos_forge/bottom"
	},
	"elements": [
		{
			"from": [0, 0, 0],
			"to": [16, 16, 16],
			"faces": {
				"north": {"uv": [0, 0, 16, 16], "texture": "#1", "cullface": "north"},
				"east": {"uv": [0, 0, 16, 16], "texture": "#1", "cullface": "east"},
				"south": {"uv": [0, 0, 16, 16], "texture": "#1", "cullface": "south"},
				"west": {"uv": [0, 0, 16, 16], "texture": "#1", "cullface": "west"},
				"up": {"uv": [0, 0, 16, 16], "texture": "#0", "cullface": "up"},
				"down": {"uv": [0, 0, 16, 16], "texture": "#2", "cullface": "down"}
			}
		}
	],
	"display": {
		"head": {
			"translation": [-18.25, -14.75, -18.25],
			"scale": [2.3, 2.3, 2.3]
		},
		"fixed": {
			"rotation": [-90, 0, 0],
			"translation": [0, 0, -16],
			"scale": [2.01, 2.01, 2.01]
		}
	}
}