{
	"credit": "Made with Blockbench",
	"textures": {
		"0": "./gray_concrete",
		"1": "./black_concrete",
		"2": "./gray_concrete_powder",
		"3": "./black_concrete_powder",
		"particle": "./gray_concrete"
	},
	"elements": [
		{
			"name": "Barrett",
			"from": [7.75, 7.8, 4.75],
			"to": [8.25, 8.3, 17],
			"faces": {
				"north": {"uv": [5, 14, 6, 15], "texture": "#3"},
				"east": {"uv": [5, 14, 6, 15], "texture": "#3"},
				"south": {"uv": [5, 14, 6, 15], "texture": "#3"},
				"west": {"uv": [5, 14, 6, 15], "texture": "#3"},
				"up": {"uv": [5, 14, 6, 15], "texture": "#3"},
				"down": {"uv": [5, 14, 6, 15], "texture": "#3"}
			}
		},
		{
			"name": "Barrett",
			"from": [7.75, 5.4, 4],
			"to": [8.25, 8.15, 6],
			"rotation": {"angle": 0, "axis": "y", "origin": [8, 8, 11]},
			"faces": {
				"north": {"uv": [9, 9, 10, 9.75], "texture": "#3"},
				"east": {"uv": [9, 9, 10, 9.75], "texture": "#3"},
				"south": {"uv": [9, 9, 10, 9.75], "texture": "#3"},
				"west": {"uv": [9, 9, 10, 9.75], "texture": "#3"},
				"up": {"uv": [9, 9, 10, 9.75], "texture": "#3"},
				"down": {"uv": [9, 9, 10, 9.75], "texture": "#3"}
			}
		},
		{
			"name": "Barrett",
			"from": [7.75, 5.4, -2.5],
			"to": [8.25, 8.15, -0.5],
			"rotation": {"angle": 0, "axis": "y", "origin": [8, 8, 4.5]},
			"faces": {
				"north": {"uv": [9, 9, 10, 9.75], "texture": "#3"},
				"east": {"uv": [9, 9, 10, 9.75], "texture": "#3"},
				"south": {"uv": [9, 9, 10, 9.75], "texture": "#3"},
				"west": {"uv": [9, 9, 10, 9.75], "texture": "#3"},
				"up": {"uv": [9, 9, 10, 9.75], "texture": "#3"},
				"down": {"uv": [9, 9, 10, 9.75], "texture": "#3"}
			}
		},
		{
			"name": "Barrett",
			"from": [7.7, 5.4, 4.25],
			"to": [8.3, 8.15, 4.5],
			"rotation": {"angle": 0, "axis": "y", "origin": [7.95, 8, 10.75]},
			"faces": {
				"north": {"uv": [9, 9, 10, 9.75], "texture": "#3"},
				"east": {"uv": [9, 9, 10, 9.75], "texture": "#3"},
				"south": {"uv": [9, 9, 10, 9.75], "texture": "#3"},
				"west": {"uv": [9, 9, 10, 9.75], "texture": "#3"},
				"up": {"uv": [9, 9, 10, 9.75], "texture": "#3"},
				"down": {"uv": [9, 9, 10, 9.75], "texture": "#3"}
			}
		},
		{
			"name": "Barrett",
			"from": [7.7, 5.4, -2.25],
			"to": [8.3, 8.15, -2],
			"rotation": {"angle": 0, "axis": "y", "origin": [7.95, 8, 4.25]},
			"faces": {
				"north": {"uv": [9, 9, 10, 9.75], "texture": "#3"},
				"east": {"uv": [9, 9, 10, 9.75], "texture": "#3"},
				"south": {"uv": [9, 9, 10, 9.75], "texture": "#3"},
				"west": {"uv": [9, 9, 10, 9.75], "texture": "#3"},
				"up": {"uv": [9, 9, 10, 9.75], "texture": "#3"},
				"down": {"uv": [9, 9, 10, 9.75], "texture": "#3"}
			}
		},
		{
			"name": "Barrett",
			"from": [7.7, 5.4, 5.5],
			"to": [8.3, 8.15, 5.75],
			"rotation": {"angle": 0, "axis": "y", "origin": [7.95, 8, 12]},
			"faces": {
				"north": {"uv": [9, 9, 10, 9.75], "texture": "#3"},
				"east": {"uv": [9, 9, 10, 9.75], "texture": "#3"},
				"south": {"uv": [9, 9, 10, 9.75], "texture": "#3"},
				"west": {"uv": [9, 9, 10, 9.75], "texture": "#3"},
				"up": {"uv": [9, 9, 10, 9.75], "texture": "#3"},
				"down": {"uv": [9, 9, 10, 9.75], "texture": "#3"}
			}
		},
		{
			"name": "Barrett",
			"from": [7.7, 5.4, -1],
			"to": [8.3, 8.15, -0.75],
			"rotation": {"angle": 0, "axis": "y", "origin": [7.95, 8, 5.5]},
			"faces": {
				"north": {"uv": [9, 9, 10, 9.75], "texture": "#3"},
				"east": {"uv": [9, 9, 10, 9.75], "texture": "#3"},
				"south": {"uv": [9, 9, 10, 9.75], "texture": "#3"},
				"west": {"uv": [9, 9, 10, 9.75], "texture": "#3"},
				"up": {"uv": [9, 9, 10, 9.75], "texture": "#3"},
				"down": {"uv": [9, 9, 10, 9.75], "texture": "#3"}
			}
		},
		{
			"name": "Barrett",
			"from": [7.7, 5.4, 4.85],
			"to": [8.3, 8.15, 5.1],
			"rotation": {"angle": 0, "axis": "y", "origin": [7.95, 8, 11.25]},
			"faces": {
				"north": {"uv": [9, 9, 10, 9.75], "texture": "#3"},
				"east": {"uv": [9, 9, 10, 9.75], "texture": "#3"},
				"south": {"uv": [9, 9, 10, 9.75], "texture": "#3"},
				"west": {"uv": [9, 9, 10, 9.75], "texture": "#3"},
				"up": {"uv": [9, 9, 10, 9.75], "texture": "#3"},
				"down": {"uv": [9, 9, 10, 9.75], "texture": "#3"}
			}
		},
		{
			"name": "Barrett",
			"from": [7.7, 5.4, -1.65],
			"to": [8.3, 8.15, -1.4],
			"rotation": {"angle": 0, "axis": "y", "origin": [7.95, 8, 4.75]},
			"faces": {
				"north": {"uv": [9, 9, 10, 9.75], "texture": "#3"},
				"east": {"uv": [9, 9, 10, 9.75], "texture": "#3"},
				"south": {"uv": [9, 9, 10, 9.75], "texture": "#3"},
				"west": {"uv": [9, 9, 10, 9.75], "texture": "#3"},
				"up": {"uv": [9, 9, 10, 9.75], "texture": "#3"},
				"down": {"uv": [9, 9, 10, 9.75], "texture": "#3"}
			}
		},
		{
			"name": "Barrett",
			"from": [7.75, 7.15904, 2.76495],
			"to": [8.25, 7.90904, 4.56495],
			"rotation": {"angle": -22.5, "axis": "x", "origin": [8, 9.75904, 9.68937]},
			"faces": {
				"north": {"uv": [9, 9, 10, 9.75], "texture": "#3"},
				"east": {"uv": [9, 9, 10, 9.75], "texture": "#3"},
				"south": {"uv": [9, 9, 10, 9.75], "texture": "#3"},
				"west": {"uv": [9, 9, 10, 9.75], "texture": "#3"},
				"up": {"uv": [9, 9, 10, 9.75], "texture": "#3"},
				"down": {"uv": [9, 9, 10, 9.75], "texture": "#3"}
			}
		},
		{
			"name": "Barrett",
			"from": [7.75, 7.15904, -3.73505],
			"to": [8.25, 7.90904, -1.93505],
			"rotation": {"angle": -22.5, "axis": "x", "origin": [8, 9.75904, 3.18937]},
			"faces": {
				"north": {"uv": [9, 9, 10, 9.75], "texture": "#3"},
				"east": {"uv": [9, 9, 10, 9.75], "texture": "#3"},
				"south": {"uv": [9, 9, 10, 9.75], "texture": "#3"},
				"west": {"uv": [9, 9, 10, 9.75], "texture": "#3"},
				"up": {"uv": [9, 9, 10, 9.75], "texture": "#3"},
				"down": {"uv": [9, 9, 10, 9.75], "texture": "#3"}
			}
		},
		{
			"name": "Barrett",
			"from": [7.69, 4.99, 3.19],
			"to": [8.31, 7.76, 4.01],
			"rotation": {"angle": 45, "axis": "x", "origin": [7.95, 8, 3]},
			"faces": {
				"north": {"uv": [0, 0, 16, 16], "texture": "#0"},
				"east": {"uv": [0, 0, 16, 16], "texture": "#0"},
				"south": {"uv": [0, 0, 16, 16], "texture": "#0"},
				"west": {"uv": [0, 0, 16, 16], "texture": "#0"},
				"up": {"uv": [0, 0, 16, 16], "texture": "#0"},
				"down": {"uv": [0, 0, 16, 16], "texture": "#0"}
			}
		},
		{
			"name": "Barrett",
			"from": [7.7, 6.25, 2.95],
			"to": [8.3, 8, 3.75],
			"rotation": {"angle": 22.5, "axis": "x", "origin": [7.95, 9.25, 2.75]},
			"faces": {
				"north": {"uv": [0, 0, 16, 16], "texture": "#0"},
				"east": {"uv": [0, 0, 16, 16], "texture": "#0"},
				"south": {"uv": [0, 0, 16, 16], "texture": "#0"},
				"west": {"uv": [0, 0, 16, 16], "texture": "#0"},
				"up": {"uv": [0, 0, 16, 16], "texture": "#0"},
				"down": {"uv": [0, 0, 16, 16], "texture": "#0"}
			}
		},
		{
			"name": "Barrett",
			"from": [7.71, 6.56, 1.96],
			"to": [8.29, 7.69, 2.74],
			"rotation": {"angle": 0, "axis": "x", "origin": [7.95, 9.55, 1.75]},
			"faces": {
				"north": {"uv": [0, 0, 16, 16], "texture": "#0"},
				"east": {"uv": [0, 0, 16, 16], "texture": "#0"},
				"south": {"uv": [0, 0, 16, 16], "texture": "#0"},
				"west": {"uv": [0, 0, 16, 16], "texture": "#0"},
				"up": {"uv": [0, 0, 16, 16], "texture": "#0"},
				"down": {"uv": [0, 0, 16, 16], "texture": "#0"}
			}
		},
		{
			"name": "Barrett",
			"from": [7.7, 5.81732, -0.12612],
			"to": [8.3, 7.31732, 0.12388],
			"rotation": {"angle": 22.5, "axis": "x", "origin": [8.2, 5.81732, 1.12388]},
			"faces": {
				"north": {"uv": [11, 8, 12, 9], "texture": "#1"},
				"east": {"uv": [11, 8, 12, 9], "texture": "#1"},
				"south": {"uv": [11, 8, 12, 9], "texture": "#1"},
				"west": {"uv": [11, 8, 12, 9], "texture": "#1"},
				"up": {"uv": [11, 8, 12, 9], "texture": "#1"},
				"down": {"uv": [11, 8, 12, 9], "texture": "#1"}
			}
		},
		{
			"name": "Barrett",
			"from": [7.65, 5.67612, -0.11732],
			"to": [8.35, 5.92612, 1.38268],
			"rotation": {"angle": 22.5, "axis": "x", "origin": [8.15, 5.8, 1.2]},
			"faces": {
				"north": {"uv": [11, 8, 12, 9], "texture": "#1"},
				"east": {"uv": [11, 8, 12, 9], "texture": "#1"},
				"south": {"uv": [11, 8, 12, 9], "texture": "#1"},
				"west": {"uv": [11, 8, 12, 9], "texture": "#1"},
				"up": {"uv": [11, 8, 12, 9], "texture": "#1"},
				"down": {"uv": [11, 8, 12, 9], "texture": "#1"}
			}
		},
		{
			"name": "Barrett",
			"from": [7.75, 6, 2],
			"to": [8.25, 6.2, 4.1],
			"rotation": {"angle": 0, "axis": "x", "origin": [8, 17, 2]},
			"faces": {
				"north": {"uv": [7.75, 7.5, 8.25, 8], "rotation": 180, "texture": "#1", "cullface": "north"},
				"east": {"uv": [7.75, 7.5, 8.25, 8], "rotation": 90, "texture": "#1", "cullface": "north"},
				"south": {"uv": [7.75, 7.5, 8.25, 8], "texture": "#1", "cullface": "north"},
				"west": {"uv": [7.75, 7.5, 8.25, 8], "rotation": 270, "texture": "#1", "cullface": "north"},
				"up": {"uv": [7.75, 7.5, 8.25, 8], "texture": "#1", "cullface": "north"},
				"down": {"uv": [7.75, 7.5, 8.25, 8], "rotation": 180, "texture": "#1", "cullface": "north"}
			}
		},
		{
			"name": "Barrett",
			"from": [7.9, 6.3, 7.4],
			"to": [8.1, 7.5, 7.5],
			"rotation": {"angle": 22.5, "axis": "x", "origin": [8.15, 17, 6]},
			"faces": {
				"north": {"uv": [7.75, 7.5, 8.25, 8], "rotation": 180, "texture": "#1", "cullface": "north"},
				"east": {"uv": [7.75, 7.5, 8.25, 8], "rotation": 90, "texture": "#1", "cullface": "north"},
				"south": {"uv": [7.75, 7.5, 8.25, 8], "texture": "#1", "cullface": "north"},
				"west": {"uv": [7.75, 7.5, 8.25, 8], "rotation": 270, "texture": "#1", "cullface": "north"},
				"up": {"uv": [7.75, 7.5, 8.25, 8], "texture": "#1", "cullface": "north"},
				"down": {"uv": [7.75, 7.5, 8.25, 8], "rotation": 180, "texture": "#1", "cullface": "north"}
			}
		},
		{
			"name": "Barrett",
			"from": [7.9, 4.95132, -0.67462],
			"to": [8.1, 5.25132, -0.57462],
			"rotation": {"angle": -22.5, "axis": "x", "origin": [8.15, 15.65132, -2.07462]},
			"faces": {
				"north": {"uv": [7.75, 7.5, 8.25, 8], "rotation": 180, "texture": "#1", "cullface": "north"},
				"east": {"uv": [7.75, 7.5, 8.25, 8], "rotation": 90, "texture": "#1", "cullface": "north"},
				"south": {"uv": [7.75, 7.5, 8.25, 8], "texture": "#1", "cullface": "north"},
				"west": {"uv": [7.75, 7.5, 8.25, 8], "rotation": 270, "texture": "#1", "cullface": "north"},
				"up": {"uv": [7.75, 7.5, 8.25, 8], "texture": "#1", "cullface": "north"},
				"down": {"uv": [7.75, 7.5, 8.25, 8], "rotation": 180, "texture": "#1", "cullface": "north"}
			}
		},
		{
			"name": "Barrett",
			"from": [7.6, 6.2, -2.8],
			"to": [8.4, 6.45, 0.2],
			"rotation": {"angle": 0, "axis": "y", "origin": [8.2, 6, 4]},
			"faces": {
				"north": {"uv": [11, 8, 12, 9], "texture": "#1"},
				"east": {"uv": [11, 8, 12, 9], "texture": "#1"},
				"south": {"uv": [11, 8, 12, 9], "texture": "#1"},
				"west": {"uv": [11, 8, 12, 9], "texture": "#1"},
				"up": {"uv": [11, 8, 12, 9], "texture": "#1"},
				"down": {"uv": [11, 8, 12, 9], "texture": "#1"}
			}
		},
		{
			"name": "Barrett",
			"from": [7.625, 7.25, 5.5],
			"to": [8.375, 7.5, 9.7],
			"rotation": {"angle": 0, "axis": "y", "origin": [7.875, 7, 8]},
			"faces": {
				"north": {"uv": [6, 8, 10.5, 8.25], "texture": "#0"},
				"east": {"uv": [6, 8, 10.5, 8.25], "texture": "#0"},
				"south": {"uv": [6, 8, 10.5, 8.25], "texture": "#0"},
				"west": {"uv": [6, 8, 10.5, 8.25], "texture": "#0"},
				"up": {"uv": [6, 8, 10.5, 8.25], "texture": "#0"},
				"down": {"uv": [6, 8, 10.5, 8.25], "texture": "#0"}
			}
		},
		{
			"name": "Barrett",
			"from": [7.5, 6.2, -3],
			"to": [8.5, 8.3, -2.75],
			"rotation": {"angle": 0, "axis": "y", "origin": [7.75, 8, 8]},
			"faces": {
				"north": {"uv": [15.75, 7.5, 16, 8], "texture": "#0"},
				"east": {"uv": [15.75, 7.5, 16, 8], "texture": "#0"},
				"south": {"uv": [15.75, 7.5, 16, 8], "texture": "#0"},
				"west": {"uv": [15.75, 7.5, 16, 8], "texture": "#0"},
				"up": {"uv": [15.75, 7.5, 16, 8], "texture": "#0"},
				"down": {"uv": [15.75, 7.5, 16, 8], "texture": "#0"}
			}
		},
		{
			"name": "Barrett",
			"from": [7.75, 6.2, -3.25],
			"to": [8.25, 8.3, -3],
			"faces": {
				"north": {"uv": [9, 9, 10, 10], "texture": "#3"},
				"east": {"uv": [9, 9, 10, 10], "texture": "#3"},
				"south": {"uv": [9, 9, 10, 10], "texture": "#3"},
				"west": {"uv": [9, 9, 10, 10], "texture": "#3"},
				"up": {"uv": [9, 9, 10, 10], "texture": "#3"},
				"down": {"uv": [9, 9, 10, 10], "texture": "#3"}
			}
		},
		{
			"name": "Barrett",
			"from": [7.4, 7.7, 16],
			"to": [8.6, 8.45, 16.8],
			"rotation": {"angle": 0, "axis": "y", "origin": [7.9, 8, 9]},
			"faces": {
				"north": {"uv": [0, 7.5, 1, 8.25], "texture": "#0"},
				"east": {"uv": [0, 7.5, 1, 8.25], "texture": "#0"},
				"south": {"uv": [0, 7.5, 1, 8.25], "texture": "#0"},
				"west": {"uv": [0, 7.5, 1, 8.25], "texture": "#0"},
				"up": {"uv": [0, 7.5, 1, 8.25], "texture": "#0"},
				"down": {"uv": [0, 7.5, 1, 8.25], "texture": "#0"}
			}
		},
		{
			"name": "Barrett",
			"from": [7.6, 6.75, 2.8],
			"to": [8.4, 7.85, 6.2],
			"rotation": {"angle": 0, "axis": "y", "origin": [8.1, 8, 9]},
			"faces": {
				"north": {"uv": [10.5, 8, 11.75, 8.25], "texture": "#0"},
				"east": {"uv": [10.5, 8, 11.75, 8.25], "texture": "#0"},
				"south": {"uv": [10.5, 8, 11.75, 8.25], "texture": "#0"},
				"west": {"uv": [10.5, 8, 11.75, 8.25], "texture": "#0"},
				"up": {"uv": [10.5, 8, 11.75, 8.25], "texture": "#0"},
				"down": {"uv": [10.5, 8, 11.75, 8.25], "texture": "#0"}
			}
		},
		{
			"name": "Barrett",
			"from": [7.625, 7.87944, 3.47806],
			"to": [8.375, 8.97944, 5.47806],
			"rotation": {"angle": -22.5, "axis": "x", "origin": [7.875, 9.12944, 8.67806]},
			"faces": {
				"north": {"uv": [11.75, 8, 10.5, 8.25], "texture": "#0"},
				"east": {"uv": [11.75, 8, 10.5, 8.25], "texture": "#0"},
				"south": {"uv": [11.75, 8, 10.5, 8.25], "texture": "#0"},
				"west": {"uv": [11.75, 8, 10.5, 8.25], "texture": "#0"},
				"up": {"uv": [11.75, 8, 10.5, 8.25], "texture": "#0"},
				"down": {"uv": [11.75, 8, 10.5, 8.25], "texture": "#0"}
			}
		},
		{
			"name": "Barrett",
			"from": [7.625, 5.98463, 3.95224],
			"to": [8.375, 7.08463, 4.35224],
			"rotation": {"angle": 0, "axis": "x", "origin": [7.875, 7.23463, 9.15224]},
			"faces": {
				"north": {"uv": [11.75, 8, 10.5, 8.25], "texture": "#0"},
				"east": {"uv": [11.75, 8, 10.5, 8.25], "texture": "#0"},
				"south": {"uv": [11.75, 8, 10.5, 8.25], "texture": "#0"},
				"west": {"uv": [11.75, 8, 10.5, 8.25], "texture": "#0"},
				"up": {"uv": [11.75, 8, 10.5, 8.25], "texture": "#0"},
				"down": {"uv": [11.75, 8, 10.5, 8.25], "texture": "#0"}
			}
		},
		{
			"name": "Barrett",
			"from": [7.75, 8.25, 1],
			"to": [8.25, 8.5, 9.75],
			"rotation": {"angle": 0, "axis": "y", "origin": [8.25, 8, 8]},
			"faces": {
				"north": {"uv": [6, 7, 7, 8], "texture": "#1"},
				"east": {"uv": [6, 7, 7, 8], "texture": "#1"},
				"south": {"uv": [6, 7, 7, 8], "texture": "#1"},
				"west": {"uv": [6, 7, 7, 8], "texture": "#1"},
				"up": {"uv": [6, 7, 7, 8], "texture": "#1"},
				"down": {"uv": [6, 7, 7, 8], "texture": "#1"}
			}
		},
		{
			"name": "Barrett",
			"from": [7.5, 7.5, 1.25],
			"to": [8.5, 8.3, 9.75],
			"rotation": {"angle": 0, "axis": "y", "origin": [8, 7, 8]},
			"faces": {
				"north": {"uv": [6.25, 7.75, 15.75, 8], "texture": "#0"},
				"east": {"uv": [6.25, 7.75, 15.75, 8], "texture": "#0"},
				"south": {"uv": [6.25, 7.75, 15.75, 8], "texture": "#0"},
				"west": {"uv": [6.25, 7.75, 15.75, 8], "texture": "#0"},
				"up": {"uv": [6.25, 7.75, 15.75, 8], "texture": "#0"},
				"down": {"uv": [6.25, 7.75, 15.75, 8], "texture": "#0"}
			}
		},
		{
			"name": "Barrett",
			"from": [7.5, 7.5, -2.75],
			"to": [8.5, 8.3, 1.25],
			"rotation": {"angle": 0, "axis": "y", "origin": [8, 7, 4]},
			"faces": {
				"north": {"uv": [6.25, 7.75, 15.75, 8], "texture": "#0"},
				"east": {"uv": [6.25, 7.75, 15.75, 8], "texture": "#0"},
				"south": {"uv": [6.25, 7.75, 15.75, 8], "texture": "#0"},
				"west": {"uv": [6.25, 7.75, 15.75, 8], "texture": "#0"},
				"up": {"uv": [6.25, 7.75, 15.75, 8], "texture": "#0"},
				"down": {"uv": [6.25, 7.75, 15.75, 8], "texture": "#0"}
			}
		},
		{
			"name": "Barrett",
			"from": [8.78185, 7.87759, -2.75],
			"to": [8.98185, 8.07759, 1.25],
			"rotation": {"angle": 22.5, "axis": "z", "origin": [8.18185, 6.97759, 0]},
			"faces": {
				"north": {"uv": [6.25, 7.75, 15.75, 8], "texture": "#0"},
				"east": {"uv": [6.25, 7.75, 15.75, 8], "texture": "#0"},
				"south": {"uv": [6.25, 7.75, 15.75, 8], "texture": "#0"},
				"west": {"uv": [6.25, 7.75, 15.75, 8], "texture": "#0"},
				"up": {"uv": [6.25, 7.75, 15.75, 8], "texture": "#0"},
				"down": {"uv": [6.25, 7.75, 15.75, 8], "texture": "#0"}
			}
		},
		{
			"name": "Barrett",
			"from": [7.01815, 7.87759, -2.75],
			"to": [7.21815, 8.07759, 1.25],
			"rotation": {"angle": -22.5, "axis": "z", "origin": [7.81815, 6.97759, 0]},
			"faces": {
				"north": {"uv": [9.75, 7.75, 0.25, 8], "texture": "#0"},
				"east": {"uv": [9.75, 7.75, 0.25, 8], "texture": "#0"},
				"south": {"uv": [9.75, 7.75, 0.25, 8], "texture": "#0"},
				"west": {"uv": [9.75, 7.75, 0.25, 8], "texture": "#0"},
				"up": {"uv": [9.75, 7.75, 0.25, 8], "texture": "#0"},
				"down": {"uv": [9.75, 7.75, 0.25, 8], "texture": "#0"}
			}
		},
		{
			"name": "Barrett",
			"from": [8.70531, 8.06236, 1.25],
			"to": [8.90531, 8.26236, 9.75],
			"rotation": {"angle": 22.5, "axis": "z", "origin": [8.10531, 7.16236, 8]},
			"faces": {
				"north": {"uv": [6.25, 7.75, 15.75, 8], "texture": "#0"},
				"east": {"uv": [6.25, 7.75, 15.75, 8], "texture": "#0"},
				"south": {"uv": [6.25, 7.75, 15.75, 8], "texture": "#0"},
				"west": {"uv": [6.25, 7.75, 15.75, 8], "texture": "#0"},
				"up": {"uv": [6.25, 7.75, 15.75, 8], "texture": "#0"},
				"down": {"uv": [6.25, 7.75, 15.75, 8], "texture": "#0"}
			}
		},
		{
			"name": "Barrett",
			"from": [7.09469, 8.06236, 1.25],
			"to": [7.29469, 8.26236, 9.75],
			"rotation": {"angle": -22.5, "axis": "z", "origin": [7.89469, 7.16236, 8]},
			"faces": {
				"north": {"uv": [9.75, 7.75, 0.25, 8], "texture": "#0"},
				"east": {"uv": [9.75, 7.75, 0.25, 8], "texture": "#0"},
				"south": {"uv": [9.75, 7.75, 0.25, 8], "texture": "#0"},
				"west": {"uv": [9.75, 7.75, 0.25, 8], "texture": "#0"},
				"up": {"uv": [9.75, 7.75, 0.25, 8], "texture": "#0"},
				"down": {"uv": [9.75, 7.75, 0.25, 8], "texture": "#0"}
			}
		},
		{
			"name": "Barrett",
			"from": [7.4, 8, -2.75],
			"to": [8.6, 8.1, 2.75],
			"rotation": {"angle": 0, "axis": "y", "origin": [7.9, 7, 8]},
			"faces": {
				"north": {"uv": [9, 6, 10, 7], "texture": "#2"},
				"east": {"uv": [9, 6, 10, 7], "texture": "#2"},
				"south": {"uv": [9, 6, 10, 7], "texture": "#2"},
				"west": {"uv": [9, 6, 10, 7], "texture": "#2"},
				"up": {"uv": [9, 6, 10, 7], "texture": "#2"},
				"down": {"uv": [9, 6, 10, 7], "texture": "#2"}
			}
		},
		{
			"name": "Barrett",
			"from": [7.4, 7.9, 5.65],
			"to": [8.6, 8, 9.15],
			"rotation": {"angle": 0, "axis": "y", "origin": [7.9, 7, 15.8]},
			"faces": {
				"north": {"uv": [9, 6, 10, 7], "texture": "#2"},
				"east": {"uv": [9, 6, 10, 7], "texture": "#2"},
				"south": {"uv": [9, 6, 10, 7], "texture": "#2"},
				"west": {"uv": [9, 6, 10, 7], "texture": "#2"},
				"up": {"uv": [9, 6, 10, 7], "texture": "#2"},
				"down": {"uv": [9, 6, 10, 7], "texture": "#2"}
			}
		},
		{
			"name": "Barrett",
			"from": [7.4, 7.8, 2.65],
			"to": [8.6, 7.9, 5.65],
			"rotation": {"angle": 0, "axis": "y", "origin": [7.9, 6.8, 13.4]},
			"faces": {
				"north": {"uv": [9, 6, 10, 7], "texture": "#2"},
				"east": {"uv": [9, 6, 10, 7], "texture": "#2"},
				"south": {"uv": [9, 6, 10, 7], "texture": "#2"},
				"west": {"uv": [9, 6, 10, 7], "texture": "#2"},
				"up": {"uv": [9, 6, 10, 7], "texture": "#2"},
				"down": {"uv": [9, 6, 10, 7], "texture": "#2"}
			}
		},
		{
			"name": "Barrett",
			"from": [7.475, 7.9, 2.75],
			"to": [8.525, 8.1, 5.6],
			"rotation": {"angle": 0, "axis": "y", "origin": [7.975, 7, 13.6]},
			"faces": {
				"north": {"uv": [0, 0, 16, 16], "texture": "#1"},
				"east": {"uv": [0, 0, 16, 16], "texture": "#1"},
				"south": {"uv": [0, 0, 16, 16], "texture": "#1"},
				"west": {"uv": [0, 0, 16, 16], "texture": "#1"},
				"up": {"uv": [0, 0, 16, 16], "texture": "#1"},
				"down": {"uv": [0, 0, 16, 16], "texture": "#1"}
			}
		},
		{
			"name": "Barrett",
			"from": [6.9, 7.9, 5.35],
			"to": [9.1, 8.1, 5.55],
			"rotation": {"angle": 0, "axis": "y", "origin": [8.4, 7.1, 16.5]},
			"faces": {
				"north": {"uv": [9, 6, 10, 7], "texture": "#2"},
				"east": {"uv": [9, 6, 10, 7], "texture": "#2"},
				"south": {"uv": [9, 6, 10, 7], "texture": "#2"},
				"west": {"uv": [9, 6, 10, 7], "texture": "#2"},
				"up": {"uv": [9, 6, 10, 7], "texture": "#2"},
				"down": {"uv": [9, 6, 10, 7], "texture": "#2"}
			}
		},
		{
			"name": "Barrett",
			"from": [7.4, 8.1, 2.65],
			"to": [8.6, 8.2, 5.65],
			"rotation": {"angle": 0, "axis": "y", "origin": [7.9, 7.1, 13.5]},
			"faces": {
				"north": {"uv": [9, 6, 10, 7], "texture": "#2"},
				"east": {"uv": [9, 6, 10, 7], "texture": "#2"},
				"south": {"uv": [9, 6, 10, 7], "texture": "#2"},
				"west": {"uv": [9, 6, 10, 7], "texture": "#2"},
				"up": {"uv": [9, 6, 10, 7], "texture": "#2"},
				"down": {"uv": [9, 6, 10, 7], "texture": "#2"}
			}
		},
		{
			"name": "Barrett",
			"from": [7.4, 7.9, 2.65],
			"to": [8.6, 8, 2.75],
			"rotation": {"angle": 0, "axis": "y", "origin": [7.9, 6.9, 13.4]},
			"faces": {
				"north": {"uv": [9, 6, 10, 7], "texture": "#2"},
				"east": {"uv": [9, 6, 10, 7], "texture": "#2"},
				"south": {"uv": [9, 6, 10, 7], "texture": "#2"},
				"west": {"uv": [9, 6, 10, 7], "texture": "#2"},
				"up": {"uv": [9, 6, 10, 7], "texture": "#2"},
				"down": {"uv": [9, 6, 10, 7], "texture": "#2"}
			}
		},
		{
			"name": "Barrett",
			"from": [7.4, 7.9, 5.55],
			"to": [8.6, 8.1, 5.65],
			"rotation": {"angle": 0, "axis": "y", "origin": [7.9, 6.9, 16.4]},
			"faces": {
				"north": {"uv": [9, 6, 10, 7], "texture": "#2"},
				"east": {"uv": [9, 6, 10, 7], "texture": "#2"},
				"south": {"uv": [9, 6, 10, 7], "texture": "#2"},
				"west": {"uv": [9, 6, 10, 7], "texture": "#2"},
				"up": {"uv": [9, 6, 10, 7], "texture": "#2"},
				"down": {"uv": [9, 6, 10, 7], "texture": "#2"}
			}
		},
		{
			"name": "Barrett",
			"from": [7.75, 8.7, 6.5],
			"to": [8.25, 8.95, 8],
			"rotation": {"angle": 0, "axis": "y", "origin": [8, 8, 7]},
			"faces": {
				"north": {"uv": [0, 0, 16, 16], "texture": "#1"},
				"east": {"uv": [0, 0, 16, 16], "texture": "#1"},
				"south": {"uv": [0, 0, 16, 16], "texture": "#1"},
				"west": {"uv": [0, 0, 16, 16], "texture": "#1"},
				"up": {"uv": [0, 0, 16, 16], "texture": "#1"},
				"down": {"uv": [0, 0, 16, 16], "texture": "#1"}
			}
		},
		{
			"name": "Barrett",
			"from": [7.7, 8.5, 3.75],
			"to": [8.3, 9.6, 4.25],
			"rotation": {"angle": 0, "axis": "y", "origin": [7.95, 8, 7]},
			"faces": {
				"north": {"uv": [0, 0, 16, 16], "texture": "#1"},
				"east": {"uv": [0, 0, 16, 16], "texture": "#1"},
				"south": {"uv": [0, 0, 16, 16], "texture": "#1"},
				"west": {"uv": [0, 0, 16, 16], "texture": "#1"},
				"up": {"uv": [0, 0, 16, 16], "texture": "#1"},
				"down": {"uv": [0, 0, 16, 16], "texture": "#1"}
			}
		},
		{
			"name": "Barrett",
			"from": [7.7, 8.9, 4.5],
			"to": [8.3, 9.5, 5],
			"rotation": {"angle": 0, "axis": "y", "origin": [7.95, 9, 8]},
			"faces": {
				"north": {"uv": [0, 0, 16, 16], "texture": "#1"},
				"east": {"uv": [0, 0, 16, 16], "texture": "#1"},
				"south": {"uv": [0, 0, 16, 16], "texture": "#1"},
				"west": {"uv": [0, 0, 16, 16], "texture": "#1"},
				"up": {"uv": [0, 0, 16, 16], "texture": "#1"},
				"down": {"uv": [0, 0, 16, 16], "texture": "#1"}
			}
		},
		{
			"name": "Barrett",
			"from": [7.7, 8.5, 5.2],
			"to": [8.3, 9.6, 5.7],
			"rotation": {"angle": 0, "axis": "y", "origin": [7.95, 8, 9]},
			"faces": {
				"north": {"uv": [0, 0, 16, 16], "texture": "#1"},
				"east": {"uv": [0, 0, 16, 16], "texture": "#1"},
				"south": {"uv": [0, 0, 16, 16], "texture": "#1"},
				"west": {"uv": [0, 0, 16, 16], "texture": "#1"},
				"up": {"uv": [0, 0, 16, 16], "texture": "#1"},
				"down": {"uv": [0, 0, 16, 16], "texture": "#1"}
			}
		},
		{
			"from": [7.75, 8.7, 1.5],
			"to": [8.25, 8.95, 3],
			"rotation": {"angle": 0, "axis": "y", "origin": [8, 8, 7]},
			"faces": {
				"north": {"uv": [0, 0, 16, 16], "texture": "#1"},
				"east": {"uv": [0, 0, 16, 16], "texture": "#1"},
				"south": {"uv": [0, 0, 16, 16], "texture": "#1"},
				"west": {"uv": [0, 0, 16, 16], "texture": "#1"},
				"up": {"uv": [0, 0, 16, 16], "texture": "#1"},
				"down": {"uv": [0, 0, 16, 16], "texture": "#1"}
			}
		},
		{
			"from": [7.5, 8.95, 6.5],
			"to": [7.75, 9.45, 8],
			"rotation": {"angle": 0, "axis": "y", "origin": [8, 8, 7]},
			"faces": {
				"north": {"uv": [0, 0, 16, 16], "texture": "#1"},
				"east": {"uv": [0, 0, 16, 16], "texture": "#1"},
				"south": {"uv": [0, 0, 16, 16], "texture": "#1"},
				"west": {"uv": [0, 0, 16, 16], "texture": "#1"},
				"up": {"uv": [0, 0, 16, 16], "texture": "#1"},
				"down": {"uv": [0, 0, 16, 16], "texture": "#1"}
			}
		},
		{
			"from": [6.54038, 9.43327, 6.5],
			"to": [6.79038, 9.78327, 8],
			"rotation": {"angle": -45, "axis": "z", "origin": [7.04038, 8.28327, 7]},
			"faces": {
				"north": {"uv": [0, 0, 16, 16], "texture": "#1"},
				"east": {"uv": [0, 0, 16, 16], "texture": "#1"},
				"south": {"uv": [0, 0, 16, 16], "texture": "#1"},
				"west": {"uv": [0, 0, 16, 16], "texture": "#1"},
				"up": {"uv": [0, 0, 16, 16], "texture": "#1"},
				"down": {"uv": [0, 0, 16, 16], "texture": "#1"}
			}
		},
		{
			"from": [6.54038, 9.43327, 1.5],
			"to": [6.79038, 9.78327, 3],
			"rotation": {"angle": -45, "axis": "z", "origin": [7.04038, 8.28327, 2]},
			"faces": {
				"north": {"uv": [0, 0, 16, 16], "texture": "#1"},
				"east": {"uv": [0, 0, 16, 16], "texture": "#1"},
				"south": {"uv": [0, 0, 16, 16], "texture": "#1"},
				"west": {"uv": [0, 0, 16, 16], "texture": "#1"},
				"up": {"uv": [0, 0, 16, 16], "texture": "#1"},
				"down": {"uv": [0, 0, 16, 16], "texture": "#1"}
			}
		},
		{
			"from": [6.54038, 8.61673, 6.5],
			"to": [6.79038, 8.96673, 8],
			"rotation": {"angle": 45, "axis": "z", "origin": [7.04038, 10.11673, 7]},
			"faces": {
				"north": {"uv": [0, 16, 16, 0], "texture": "#1"},
				"east": {"uv": [0, 16, 16, 0], "texture": "#1"},
				"south": {"uv": [0, 16, 16, 0], "texture": "#1"},
				"west": {"uv": [0, 16, 16, 0], "texture": "#1"},
				"up": {"uv": [0, 16, 16, 0], "texture": "#1"},
				"down": {"uv": [0, 16, 16, 0], "texture": "#1"}
			}
		},
		{
			"from": [6.54038, 8.61673, 1.5],
			"to": [6.79038, 8.96673, 3],
			"rotation": {"angle": 45, "axis": "z", "origin": [7.04038, 10.11673, 2]},
			"faces": {
				"north": {"uv": [0, 16, 16, 0], "texture": "#1"},
				"east": {"uv": [0, 16, 16, 0], "texture": "#1"},
				"south": {"uv": [0, 16, 16, 0], "texture": "#1"},
				"west": {"uv": [0, 16, 16, 0], "texture": "#1"},
				"up": {"uv": [0, 16, 16, 0], "texture": "#1"},
				"down": {"uv": [0, 16, 16, 0], "texture": "#1"}
			}
		},
		{
			"from": [9.20962, 9.43327, 6.5],
			"to": [9.45962, 9.78327, 8],
			"rotation": {"angle": 45, "axis": "z", "origin": [8.95962, 8.28327, 7]},
			"faces": {
				"north": {"uv": [16, 0, 0, 16], "texture": "#1"},
				"east": {"uv": [16, 0, 0, 16], "texture": "#1"},
				"south": {"uv": [16, 0, 0, 16], "texture": "#1"},
				"west": {"uv": [16, 0, 0, 16], "texture": "#1"},
				"up": {"uv": [16, 0, 0, 16], "texture": "#1"},
				"down": {"uv": [16, 0, 0, 16], "texture": "#1"}
			}
		},
		{
			"from": [9.20962, 9.43327, 1.5],
			"to": [9.45962, 9.78327, 3],
			"rotation": {"angle": 45, "axis": "z", "origin": [8.95962, 8.28327, 2]},
			"faces": {
				"north": {"uv": [16, 0, 0, 16], "texture": "#1"},
				"east": {"uv": [16, 0, 0, 16], "texture": "#1"},
				"south": {"uv": [16, 0, 0, 16], "texture": "#1"},
				"west": {"uv": [16, 0, 0, 16], "texture": "#1"},
				"up": {"uv": [16, 0, 0, 16], "texture": "#1"},
				"down": {"uv": [16, 0, 0, 16], "texture": "#1"}
			}
		},
		{
			"from": [9.20962, 8.61673, 6.5],
			"to": [9.45962, 8.96673, 8],
			"rotation": {"angle": -45, "axis": "z", "origin": [8.95962, 10.11673, 7]},
			"faces": {
				"north": {"uv": [16, 16, 0, 0], "texture": "#1"},
				"east": {"uv": [16, 16, 0, 0], "texture": "#1"},
				"south": {"uv": [16, 16, 0, 0], "texture": "#1"},
				"west": {"uv": [16, 16, 0, 0], "texture": "#1"},
				"up": {"uv": [16, 16, 0, 0], "texture": "#1"},
				"down": {"uv": [16, 16, 0, 0], "texture": "#1"}
			}
		},
		{
			"from": [9.20962, 8.61673, 1.5],
			"to": [9.45962, 8.96673, 3],
			"rotation": {"angle": -45, "axis": "z", "origin": [8.95962, 10.11673, 2]},
			"faces": {
				"north": {"uv": [16, 16, 0, 0], "texture": "#1"},
				"east": {"uv": [16, 16, 0, 0], "texture": "#1"},
				"south": {"uv": [16, 16, 0, 0], "texture": "#1"},
				"west": {"uv": [16, 16, 0, 0], "texture": "#1"},
				"up": {"uv": [16, 16, 0, 0], "texture": "#1"},
				"down": {"uv": [16, 16, 0, 0], "texture": "#1"}
			}
		},
		{
			"from": [8.25, 8.95, 6.5],
			"to": [8.5, 9.45, 8],
			"rotation": {"angle": 0, "axis": "y", "origin": [8, 8, 7]},
			"faces": {
				"north": {"uv": [0, 0, 16, 16], "texture": "#1"},
				"east": {"uv": [0, 0, 16, 16], "texture": "#1"},
				"south": {"uv": [0, 0, 16, 16], "texture": "#1"},
				"west": {"uv": [0, 0, 16, 16], "texture": "#1"},
				"up": {"uv": [0, 0, 16, 16], "texture": "#1"},
				"down": {"uv": [0, 0, 16, 16], "texture": "#1"}
			}
		},
		{
			"from": [7.5, 8.95, 1.5],
			"to": [7.75, 9.45, 3],
			"rotation": {"angle": 0, "axis": "y", "origin": [8, 8, 7]},
			"faces": {
				"north": {"uv": [0, 0, 16, 16], "texture": "#1"},
				"east": {"uv": [0, 0, 16, 16], "texture": "#1"},
				"south": {"uv": [0, 0, 16, 16], "texture": "#1"},
				"west": {"uv": [0, 0, 16, 16], "texture": "#1"},
				"up": {"uv": [0, 0, 16, 16], "texture": "#1"},
				"down": {"uv": [0, 0, 16, 16], "texture": "#1"}
			}
		},
		{
			"name": "Barrett",
			"from": [7.75, 9.45, 1.5],
			"to": [8.25, 9.7, 3],
			"rotation": {"angle": 0, "axis": "y", "origin": [8, 8, 7]},
			"faces": {
				"north": {"uv": [0, 0, 16, 16], "texture": "#1"},
				"east": {"uv": [0, 0, 16, 16], "texture": "#1"},
				"south": {"uv": [0, 0, 16, 16], "texture": "#1"},
				"west": {"uv": [0, 0, 16, 16], "texture": "#1"},
				"up": {"uv": [0, 0, 16, 16], "texture": "#1"},
				"down": {"uv": [0, 0, 16, 16], "texture": "#1"}
			}
		},
		{
			"name": "Barrett",
			"from": [7.75, 8.95, 1.8],
			"to": [8.25, 9.45, 7.8],
			"rotation": {"angle": 0, "axis": "y", "origin": [8, 8, 7]},
			"faces": {
				"north": {"uv": [1, 1, 3, 3], "texture": "#2"},
				"east": {"uv": [0, 0, 16, 16], "texture": "#1"},
				"south": {"uv": [1, 1, 3, 3], "texture": "#2"},
				"west": {"uv": [0, 0, 16, 16], "texture": "#1"},
				"up": {"uv": [0, 0, 16, 16], "texture": "#1"},
				"down": {"uv": [0, 0, 16, 16], "texture": "#1"}
			}
		},
		{
			"name": "Barrett",
			"from": [7.85, 9.2, 4.6],
			"to": [8.15, 9.7, 4.9],
			"rotation": {"angle": 0, "axis": "y", "origin": [8.1, 8, 7]},
			"faces": {
				"north": {"uv": [0, 0, 16, 16], "texture": "#1"},
				"east": {"uv": [0, 0, 16, 16], "texture": "#1"},
				"south": {"uv": [0, 0, 16, 16], "texture": "#1"},
				"west": {"uv": [0, 0, 16, 16], "texture": "#1"},
				"up": {"uv": [0, 0, 16, 16], "texture": "#1"},
				"down": {"uv": [0, 0, 16, 16], "texture": "#1"}
			}
		},
		{
			"name": "Barrett",
			"from": [7.5, 9.1, 4.6],
			"to": [8.5, 9.4, 4.9],
			"rotation": {"angle": 0, "axis": "y", "origin": [8, 8, 7]},
			"faces": {
				"north": {"uv": [0, 0, 16, 16], "texture": "#1"},
				"east": {"uv": [0, 0, 16, 16], "texture": "#1"},
				"south": {"uv": [0, 0, 16, 16], "texture": "#1"},
				"west": {"uv": [0, 0, 16, 16], "texture": "#1"},
				"up": {"uv": [0, 0, 16, 16], "texture": "#1"},
				"down": {"uv": [0, 0, 16, 16], "texture": "#1"}
			}
		},
		{
			"name": "Barrett",
			"from": [7.75, 9.45, 6.5],
			"to": [8.25, 9.7, 8],
			"faces": {
				"north": {"uv": [0, 0, 16, 16], "texture": "#1"},
				"east": {"uv": [0, 0, 16, 16], "texture": "#1"},
				"south": {"uv": [0, 0, 16, 16], "texture": "#1"},
				"west": {"uv": [0, 0, 16, 16], "texture": "#1"},
				"up": {"uv": [0, 0, 16, 16], "texture": "#1"},
				"down": {"uv": [0, 0, 16, 16], "texture": "#1"}
			}
		},
		{
			"name": "Barrett",
			"from": [8.25, 8.95, 1.5],
			"to": [8.5, 9.45, 3],
			"rotation": {"angle": 0, "axis": "y", "origin": [8, 8, 7]},
			"faces": {
				"north": {"uv": [0, 0, 16, 16], "texture": "#1"},
				"east": {"uv": [0, 0, 16, 16], "texture": "#1"},
				"south": {"uv": [0, 0, 16, 16], "texture": "#1"},
				"west": {"uv": [0, 0, 16, 16], "texture": "#1"},
				"up": {"uv": [0, 0, 16, 16], "texture": "#1"},
				"down": {"uv": [0, 0, 16, 16], "texture": "#1"}
			}
		}
	],
	"overrides": [
		{
			"predicate": {
				"pulling": 1
			},
			"model": "item/bow_pulling_0"
		},
		{
			"predicate": {
				"pulling": 1,
				"pull": 0.65
			},
			"model": "item/bow_pulling_1"
		},
		{
			"predicate": {
				"pulling": 1,
				"pull": 0.9
			},
			"model": "item/bow_pulling_2"
		}
	],
	"display": {
		"thirdperson_righthand": {
			"rotation": [1, 180, 0],
			"translation": [-0.5, 1, -6.8],
			"scale": [1.6, 1.6, 1.6]
		},
		"thirdperson_lefthand": {
			"rotation": [1, 180, 0],
			"translation": [-0.5, 1, -6.8],
			"scale": [1.6, 1.6, 1.6]
		},
		"firstperson_righthand": {
			"rotation": [0, 169, 0],
			"translation": [3, 5.5, -1.75]
		},
		"firstperson_lefthand": {
			"rotation": [-1, 170, 0],
			"translation": [3.5, 5, -1.75]
		},
		"ground": {
			"scale": [1.6, 1.6, 1.6]
		},
		"gui": {
			"rotation": [-90, -45, -90],
			"translation": [-0.75, 1.5, 0]
		},
		"head": {
			"rotation": [89, -50, 90],
			"translation": [-3.25, -15.5, 4],
			"scale": [2.6, 2.6, 2.6]
		},
		"fixed": {
			"rotation": [0, -90, 0],
			"translation": [-7.75, -0.3, -1],
			"scale": [3, 3, 3]
		}
	}
}